3897	הַיְצֵ֣א	『L70056』	『4c.verb.hif.impv.p2.m.sg』
4420	אָהֳלֹֽו	『L70312』	『4c.subs.m.sg.a.prs.p3.m.sg』
5645	אָהֳלֹ֑ו	『L70312』	『4c.subs.m.sg.a.prs.p3.m.sg』
5912	אָֽהֳלֹו֙	『L70312』	『4c.subs.m.sg.a.prs.p3.m.sg』
6246	צְבֹויִ֔ם	『L70550』	『4c.nmpr.u.sg.a』
6354	צְבֹויִ֔ם	『L70550』	『4c.nmpr.u.sg.a』
11761	וַ	『L70008』	『4c.conj』
11762	יּוּשַׂ֤ם	『L70135』	『4c.verb.hof.wayq.p3.m.sg』
12783	גֹויִם֙	『L70500』	『4c.subs.m.pl.a』
13684	צָֽיִד	『L70512』	『4c.subs.m.sg.a』
14110	וְ	『L70008』	『4c.conj』
14111	יִֽשְׁתַּחֲו֤וּ	『L70826』	『4c.verb.hsht.impf.p3.m.pl』
15746	בָּ֣א	『L70172』	『4c.verb.qal.perf.p3.m.sg』
15747	גָ֑ד	『L71228』	『4c.subs.m.sg.a』
18151	צַוָּארָ֖יו	『L71157』	『4c.subs.m.pl.a.prs.p3.m.sg』
19427	אָֽהֳלֹ֔ו	『L70312』	『4c.subs.m.sg.a.prs.p3.m.sg』
19601	יְע֥וּשׁ	『L71410』	『4c.nmpr.m.sg.a』
19769	יְע֥וּשׁ	『L71410』	『4c.nmpr.m.sg.a』
21836	אֲסִירֵ֥י	『L71539』	『4c.subs.m.pl.c』
24701	וַ	『L70008』	『4c.conj』
24702	יִּֽשְׁתַּחֲוּֽוּ	『L70826』	『4c.verb.hsht.wayq.p3.m.pl』
27914	שִׁילֹ֔ו	『L71755』	『4c.nmpr.u.sg.a』
27923	עִירֹ֔ו	『L71757』	『4c.subs.m.sg.a.prs.p3.m.sg』
27939	סוּתֹֽו	『L71761』	『4c.subs.m.sg.a.prs.p3.m.sg』
30192	מַה	『L70173』	『4c.prin.u.u』
30193	זֶּ֣ה	『L70337』	『4c.prde.m.sg』
37379	וַ	『L70008』	『4c.conj』
37380	יִּלֹּ֜ונוּ	『L72074』	『4c.verb.nif.wayq.p3.m.pl』
37523	תַלִּ֖ינוּ	『L72074』	『4c.verb.hif.impf.p2.m.pl』
40140	לֹ֥ו	『L70028』	『4c.prep.prs.p3.m.sg』
40666	בְּעִירֹ֔ו	『L71654』	『4c.subs.m.sg.a.prs.p3.m.sg』
40987	כְסוּתֹו֙	『L70930』	『4c.subs.f.sg.a.prs.p3.m.sg』
43528	וְ	『L70008』	『4c.conj』
43529	עַמּוּדָ֣יו	『L72019』	『4c.subs.m.pl.a.prs.p3.m.sg』
44203	מִֽ	『L70038』	『4c.prep』
44204	טַּבְּעֹתָ֞יו	『L71589』	『4c.subs.f.pl.a.prs.p3.m.sg』
46879	בְּ	『L70001』	『4c.prep』
46880	רֵעֹ֑ו	『L72410』	『4c.subs.m.sg.a.prs.p3.m.sg』
46926	מִ	『L70038』	『4c.prep』
46927	יָּדָיו֙	『L70251』	『4c.subs.u.du.a.prs.p3.m.sg』
48666	בְּרִיחָ֕יו	『L72277』	『4c.subs.m.pl.a.prs.p3.m.sg』
50063	קְצֹותָֽיו	『L72238』	『4c.subs.f.pl.a.prs.p3.m.sg』
51145	קְצֹותָ֖יו	『L72238』	『4c.subs.f.pl.a.prs.p3.m.sg』
51662	בְּרִיחָ֖יו	『L72277』	『4c.subs.m.pl.a.prs.p3.m.sg』
57312	יָדָ֛יו	『L70251』	『4c.subs.u.du.a.prs.p3.m.sg』
58183	לֹ֤ו	『L70028』	『4c.prep.prs.p3.m.sg』
62666	יָדָ֗יו	『L70251』	『4c.subs.u.du.a.prs.p3.m.sg』
65030	יִקְרְח֤וּ	『L72651』	『4c.verb.qal.impf.p3.m.pl』
66152	וְ	『L70008』	『4c.conj』
66153	נִסְכֹּ֥ו	『L71396』	『4c.subs.m.sg.a.prs.p3.m.sg』
67707	לֹ֣ו	『L70028』	『4c.prep.prs.p3.m.sg』
69763	קְרוּאֵ֣י	『L70027』	『4c.subs.qal.ptcp.u.m.pl.c』
77627	עָנָ֣יו	『L72835』	『4c.adjv.m.sg.a』
79134	וַ	『L70008』	『4c.conj』
79135	יַּלִּ֤ינוּ	『L72074』	『4c.verb.hif.wayq.p3.m.pl』
80269	תַלִּ֖ינוּ	『L72074』	『4c.verb.hif.impf.p2.m.pl』
83722	וַ	『L70008』	『4c.conj』
83723	יֹּ֖ורֶשׁ	『L70746』	『4c.verb.hif.wayq.p3.m.sg』
84904	לְכָה	『L70159』	『4c.verb.qal.impv.p2.m.sg』
86066	קְרִיאֵ֣י	『L72893』	『4c.subs.m.pl.c』
90013	תְנִיא֔וּן	『L73093』	『4c.verb.hif.impf.p2.m.pl』
91464	וְ	『L70008』	『4c.conj』
91465	הָיוּ֙	『L70010』	『4c.verb.qal.perf.p3.u.pl』
94390	בָּנָ֖יו	『L70235』	『4c.subs.m.pl.a.prs.p3.m.sg』
96495	מִצְוֹתָֽי	『L71115』	『4c.subs.f.pl.a.prs.p1.u.sg』
97633	מִצְוֹתָ֖יו	『L71115』	『4c.subs.f.pl.a.prs.p3.m.sg』
98050	מִצְוֹתָ֖יו	『L71115』	『4c.subs.f.pl.a.prs.p3.m.sg』
101372	הַ	『L70006』	『4c.art』
101373	הִ֖יא	『L70152』	『4c.prde.p3.f.sg』
104933	שָֽׁפְכוּ֙	『L70464』	『4c.verb.qal.perf.p3.u.pl』
105541	הַֽ	『L70006』	『4c.art』
105542	נַּעֲרָ֖ה	『L71019』	『4c.subs.f.sg.a』
105549	הַֽ	『L70006』	『4c.art』
105550	נַּעֲרָ֛ה	『L71019』	『4c.subs.f.sg.a』
105560	הַֽ	『L70006』	『4c.art』
105561	נַּעֲרָ֖ה	『L71019』	『4c.subs.f.sg.a』
105656	לַֽ	『L70028』	『4c.prep』
105657		『L70006』	『4c.art』
105658	נַּעֲרָֽה	『L71019』	『4c.subs.f.sg.a』
105662	הַֽ	『L70006』	『4c.art』
105663	נַּעֲרָ֜ה	『L71019』	『4c.subs.f.sg.a』
105722	נַעֲרָ֣ה	『L71019』	『4c.subs.f.sg.a』
105755	הַֽ	『L70006』	『4c.art』
105756	נַּעֲרָ֗ה	『L71019』	『4c.subs.f.sg.a』
105791	הַֽ	『L70006』	『4c.art』
105792	נַּעֲרָה֙	『L71019』	『4c.subs.f.sg.a』
105812	וְ	『L70008』	『4c.conj』
105813	לַֽ	『L70028』	『4c.prep』
105814		『L70006』	『4c.art』
105815	נַּעֲרָה֙	『L71019』	『4c.subs.f.sg.a』
105820	לַֽ	『L70028』	『4c.prep』
105821		『L70006』	『4c.art』
105822	נַּעֲרָ֖ה	『L71019』	『4c.subs.f.sg.a』
105846	הַֽ	『L70006』	『4c.art』
105847	נַּעֲרָה֙	『L71019』	『4c.subs.f.sg.a』
105857	נַעֲרָ֤ה	『L71019』	『4c.subs.f.sg.a』
105878	הַֽ	『L70006』	『4c.art』
105879	נַּעֲרָ֖ה	『L71019』	『4c.subs.f.sg.a』
107857	מִצְוֹתָיו֙	『L71115』	『4c.subs.f.pl.a.prs.p3.m.sg』
108612	וּ	『L70008』	『4c.conj』
108613	בַ	『L70001』	『4c.prep』
108614		『L70006』	『4c.art』
108615	טְּחֹרִ֔ים	『L73393』	『4c.subs.m.pl.a』
108676	יִשְׁכָּבֶ֔נָּה	『L70878』	『4c.verb.qal.impf.p3.m.sg.prs.p3.f.sg』
110034	וּ	『L70008』	『4c.conj』
110035	צְבֹויִ֔ם	『L70550』	『4c.nmpr.u.sg.a』
111601	בָּ֣מֳתֵי	『L72725』	『4c.subs.f.pl.c』
112262	אֵ֥שׁ	『L70780』	『4c.subs.u.sg.c』
112263	דָּ֖ת	『L73493』	『4c.subs.f.sg.a』
112364	בָּנָ֖יו	『L70235』	『4c.subs.m.pl.a.prs.p3.m.sg』
113664	אַחְיֹותַ֔י	『L70323』	『4c.subs.f.pl.a』
114012	וּ	『L70008』	『4c.conj』
114013	בֵינָ֔יו	『L70026』	『4c.prep.m.pl.a.prs.p3.m.sg』
114324	מֵֽ	『L70038』	『4c.prep』
114325	אָדָ֤ם	『L73523』	『4c.nmpr.u.sg.a』
114776	כַּ	『L70092』	『4c.prep』
114777	עֲלֹ֨ות	『L70123』	『4c.verb.qal.infc.u.u.u.c』
114971	עָבְרָ֑ם	『L70422』	『4c.verb.qal.infc.u.u.u.a.prs.p3.m.pl』
115440	כְּ	『L70092』	『4c.prep』
115441	שָׁמְעֲכֶם֙	『L70211』	『4c.verb.qal.infc.u.u.u.a.prs.p2.m.pl』
115491	וַ	『L70008』	『4c.conj』
115492	יֹּ֨אמֶר֙	『L70020』	『4c.verb.qal.wayq.p3.m.sg』
115550	תֹּקְעֵ֖י	『L71292』	『4c.subs.qal.ptca.u.m.pl.c』
115659	הָלֹ֖וךְ	『L70159』	『4c.verb.qal.infa.u.u.u.a』
116601	וָ	『L70008』	『4c.conj』
116602	אֵ֣רֶא	『L70022』	『4c.verb.qal.wayq.p1.u.sg』
117078	בֵּינָ֥יו	『L70026』	『4c.prep.m.pl.a.prs.p3.m.sg』
117201	בָּ	『L70001』	『4c.prep』
117202		『L70006』	『4c.art』
117203	עַ֔י	『L70625』	『4c.nmpr.u.sg.a』
117878	וַ	『L70008』	『4c.conj』
117879	יֹּ֥אמֶר	『L70020』	『4c.verb.qal.wayq.p3.m.sg』
117892	אֶֽכְרָת	『L70466』	『4c.verb.qal.impf.p1.u.sg』
121455	וְ	『L70008』	『4c.conj』
121456	הָי֛וּ	『L70010』	『4c.verb.qal.perf.p3.u.pl』
122032	הַ	『L70006』	『4c.art』
122033	גָּדֹ֖ול	『L70064』	『4c.adjv.m.sg.a』
122073	וְ	『L70008』	『4c.conj』
122074	יָנ֥וּם	『L73722』	『4c.nmpr.u.sg.a』
122161	יָכְל֥וּ	『L70650』	『4c.verb.qal.perf.p3.u.pl』
122231	תֹצְאֹתָ֖יו	『L73162』	『4c.subs.f.pl.a.prs.p3.m.sg』
123138	וְ	『L70008』	『4c.conj』
123139	הָיוּ֙	『L70010』	『4c.verb.qal.perf.p3.u.pl』
123188	וְ	『L70008』	『4c.conj』
123189	הָי֣וּ	『L70010』	『4c.verb.qal.perf.p3.u.pl』
123288	וְ	『L70008』	『4c.conj』
123289	הָי֣וּ	『L70010』	『4c.verb.qal.perf.p3.u.pl』
123290	תֹּצְאֹ֣ות	『L73162』	『4c.subs.f.pl.c』
123356	הָֽ	『L70006』	『4c.art』
123357	עַמֹּנָ֛ה	『L73770』	『4c.nmpr.u.sg.a』
123685	וְ	『L70008』	『4c.conj』
123686	שַׁחֲצִ֨ימָה֙	『L73815』	『4c.nmpr.u.sg.a』
123799	וְ	『L70008』	『4c.conj』
123800	הָי֧וּ	『L70010』	『4c.verb.qal.perf.p3.u.pl』
124347	גֹּולָ֥ן	『L73251』	『4c.nmpr.u.sg.a』
124906	גֹּולָ֤ן	『L73251』	『4c.nmpr.u.sg.a』
125395	בְּ	『L70001』	『4c.prep』
125396	עֵ֥בֶר	『L71810』	『4c.subs.m.sg.c』
126707	וָ	『L70008』	『4c.conj』
126708	אַרְבֶּה֙	『L70083』	『4c.verb.hif.wayq.p1.u.sg』
126818	וָ	『L70008』	『4c.conj』
126819	אָבִ֣יא	『L70172』	『4c.verb.hif.wayq.p1.u.sg』
127024	מֵ	『L70038』	『4c.prep』
127025	עֵ֣בֶר	『L71810』	『4c.subs.m.sg.c』
128003	יֹשְׁבֵ֨י	『L70299』	『4c.subs.qal.ptca.u.m.pl.c』
129625	בְּ	『L70001』	『4c.prep』
129626	צַעֲנַנִּ֖ים	『L73832』	『4c.nmpr.u.sg.a』
130510	וּ	『L70008』	『4c.conj』
130511	בָ֤אוּ	『L70172』	『4c.verb.qal.perf.p3.u.pl』
131762	צְלִ֜יל	『L73996』	『4c.subs.m.sg.c』
132004	וַ	『L70008』	『4c.conj』
132005	יָּנֽוּסוּ	『L70705』	『4c.verb.qal.wayq.p3.m.pl』
133053	מָלְכָ֥ה	『L71447』	『4c.verb.qal.impv.p2.m.sg』
133118	מָלְכִ֥י	『L71447』	『4c.verb.qal.impv.p2.f.sg』
135314	וְ	『L70008』	『4c.conj』
135315	רֵעֹותָֽי	『L74045』	『4c.subs.f.pl.a』
136074	דְבָרְךָ֖	『L70580』	『4c.subs.m.sg.a.prs.p2.m.sg』
137645	לִ֖י	『L70028』	『4c.prep.prs.p1.u.sg』
137732	הָ	『L70006』	『4c.art』
137733	אֲסוּרִֽים	『L74075』	『4c.subs.m.pl.a』
137794	כְּ	『L70092』	『4c.prep』
137795	טֹ֣וב	『L70024』	『4c.verb.qal.infc.u.u.u.c』
137811	הָ	『L70006』	『4c.art』
137812	אֲסוּרִ֗ים	『L74075』	『4c.subs.m.pl.a』
137835	וַ	『L70008』	『4c.conj』
137836	הֲמִשֵׁ֨נִי֙	『L71152』	『4c.verb.hif.impv.p2.m.sg.prs.p1.u.sg』
138021	וְ	『L70008』	『4c.conj』
138022	אַ֤תְּ	『L70633』	『4c.prps.p2.f.sg』
139141	לַ	『L70028』	『4c.prep』
139142	הֲשִׁיבָ֔הּ	『L70243』	『4c.verb.hif.infc.u.u.u.a.prs.p3.f.sg』
139399	לְכָ֥ה	『L70159』	『4c.verb.qal.impv.p2.m.sg』
139597	וַ	『L70008』	『4c.conj』
139598	יָּ֖בָל	『L70596』	『4c.verb.qal.wayq.p3.m.sg』
139748	כַּ	『L70092』	『4c.prep』
139749	עֲלֹ֥ות	『L70123』	『4c.verb.qal.infc.u.u.u.c』
140161	בְּנֵ֣י	『L70235』	『4c.subs.m.pl.c』
140162	בִנְיָמִ֔ן	『L71401』	『4c.nmpr.u.sg.a』
141393	וַ	『L70008』	『4c.conj』
141394	יְצַוּ֕וּ	『L70166』	『4c.verb.piel.wayq.p3.m.pl』
141443	לָ	『L70028』	『4c.prep』
141444	רִ֣יב	『L71129』	『4c.verb.qal.infc.u.u.u.a』
142158	וְ	『L70008』	『4c.conj』
142159	לֹ֥ו	『L70028』	『4c.prep.prs.p3.m.sg』
142226	חֲסִידָיו֙	『L73499』	『4c.subs.m.pl.a.prs.p3.m.sg』
142242	מְרִיבָ֗יו	『L71129』	『4c.subs.hif.ptca.u.m.pl.a.prs.p3.m.sg』
142243	עָלָיו֙	『L70014』	『4c.prep.prs.p3.m.sg』
142409	לֹא֙	『L70118』	『4c.nega』
142901	וְ	『L70008』	『4c.conj』
142902	עֵינָיו֙	『L70200』	『4c.subs.f.du.a.prs.p3.m.sg』
143221	בְּ	『L70001』	『4c.prep』
143222	עֵינָ֖יו	『L70200』	『4c.subs.f.du.a.prs.p3.m.sg』
143577	יַ֥ד	『L70251』	『4c.subs.u.sg.c』
143943	בַּ	『L70001』	『4c.prep』
143944		『L70006』	『4c.art』
143945	טְּחֹרִ֔ים	『L73393』	『4c.subs.m.pl.a』
144032	טְחֹרִֽים	『L73393』	『4c.subs.m.pl.a』
144112	בַּ	『L70001』	『4c.prep』
144113		『L70006』	『4c.art』
144114	טְּחֹרִ֑ים	『L73393』	『4c.subs.m.pl.a』
144195	טְחֹרֵ֣י	『L73393』	『4c.subs.m.pl.c』
144212	טְחֹרֵיכֶ֜ם	『L73393』	『4c.subs.m.pl.a.prs.p2.m.pl』
144884	וַ	『L70008』	『4c.conj』
144885	יַּעֲלֵ֧הוּ	『L70123』	『4c.verb.hif.wayq.p3.m.sg.prs.p3.m.sg』
145118	בִּ	『L70001』	『4c.prep』
145119	דְרָכָ֔יו	『L70260』	『4c.subs.m.pl.a.prs.p3.m.sg』
145487	מִ	『L70038』	『4c.prep』
145488	בִּנְיָמִ֗ין	『L71401』	『4c.nmpr.u.sg.a』
146160	הַ	『L70006』	『4c.art』
146161	גָּ֣גָה	『L72375』	『4c.subs.m.sg.a』
146383	תָבֹ֛אנָה	『L70172』	『4c.verb.qal.impf.p3.f.pl』
146688	לְ	『L70028』	『4c.prep』
146689	מִשְׁפְּחֹתָ֔יו	『L70448』	『4c.subs.f.pl.a.prs.p3.m.sg』
146964	כְּ	『L70092』	『4c.prep』
146965	שָׁמְעֹ֖ו	『L70211』	『4c.verb.qal.infc.u.u.u.a.prs.p3.m.sg』
147050	כְּ	『L70092』	『4c.prep』
147051	חֹ֣ם	『L70823』	『4c.verb.qal.infc.u.u.u.c』
147433	וַ	『L70008』	『4c.conj』
147434	יֹּאמְר֣וּ	『L70020』	『4c.verb.qal.wayq.p3.m.pl』
147973	וַ	『L70008』	『4c.conj』
147974	יֹּ֣וחֶל	『L70442』	『4c.verb.hif.wayq.p3.m.sg』
148217	אָמְר֣וּ	『L70020』	『4c.verb.qal.perf.p3.u.pl』
148948	וַ	『L70008』	『4c.conj』
148949	תָּאֹ֖רְנָה	『L70062』	『4c.verb.qal.wayq.p3.f.pl』
149038	וַ	『L70008』	『4c.conj』
149039	יַּ֤עַט	『L74239』	『4c.verb.qal.wayq.p3.m.sg』
149043	הַ	『L70006』	『4c.art』
149044	שָּׁלָ֔ל	『L71802』	『4c.subs.m.sg.a』
149891	וַ	『L70008』	『4c.conj』
149892	יֹּ֥אמֶר	『L70020』	『4c.verb.qal.wayq.p3.m.sg』
150890	וְ	『L70008』	『4c.conj』
150891	עֵ֣ץ	『L70053』	『4c.subs.m.sg.c』
151252	מִ	『L70038』	『4c.prep』
151253	מַּעַרְכֹ֣ות	『L72449』	『4c.subs.f.pl.c』
152173	וַ	『L70008』	『4c.conj』
152174	יֶּאֱהָבֵ֥הוּ	『L70964』	『4c.verb.qal.wayq.p3.m.sg.prs.p3.m.sg』
152276	לָ	『L70028』	『4c.prep』
152277	שִׁ֣יר	『L72033』	『4c.verb.qal.infc.u.u.u.a』
152303	בַּ	『L70001』	『4c.prep』
152304	אֲלָפָ֔יו	『L70929』	『4c.subs.m.pl.a.prs.p3.m.sg』
152342	עֹויֵ֣ן	『L74284』	『4c.verb.qal.ptca.u.m.sg.a』
152444	דְּרָכָ֖יו	『L70260』	『4c.subs.m.pl.a.prs.p3.m.sg』
152599	עֲבָדָ֗יו	『L70483』	『4c.subs.m.pl.a.prs.p3.m.sg』
153247	בְּ	『L70001』	『4c.prep』
153248	נָֽיֹות	『L74293』	『4c.nmpr.u.sg.a』
153257	בְּ	『L70001』	『4c.prep』
153258	נָיֹ֖ות	『L74293』	『4c.nmpr.u.sg.a』
153343	בְּ	『L70001』	『4c.prep』
153344	נָיֹ֥ות	『L74293』	『4c.nmpr.u.sg.a』
153352	נָיֹ֖ות	『L74293』	『4c.nmpr.u.sg.a』
153370	בְּ	『L70001』	『4c.prep』
153371	נָיֹ֥ות	『L74293』	『4c.nmpr.u.sg.a』
153411	מִ	『L70038』	『4c.prep』
153412	נָּיֹ֖ות	『L74293』	『4c.nmpr.u.sg.a』
153444	לֹֽא	『L70118』	『4c.nega』
153445	יַעֲשֶׂ֨ה	『L70036』	『4c.verb.qal.impf.p3.m.sg』
153924	אֶל	『L70043』	『4c.prep』
154255	הַ֣	『L70006』	『4c.art』
154256	חִצִּ֔ים	『L71790』	『4c.subs.m.pl.a』
154671	בַּ	『L70001』	『4c.prep』
154672	אֲלָפָ֔יו	『L70929』	『4c.subs.m.pl.a.prs.p3.m.sg』
154675	בְּ	『L70001』	『4c.prep』
154676	רִבְבֹתָֽיו	『L71051』	『4c.subs.f.pl.a.prs.p3.m.sg』
154705	וַ	『L70008』	『4c.conj』
154706	יְתָיו֙	『L74313』	『4c.verb.piel.wayq.p3.m.sg』
155038	אֵלָיו֙	『L70043』	『4c.prep.prs.p3.m.sg』
155099	לִ	『L70028』	『4c.prep』
155100	שְׁאָל	『L71043』	『4c.verb.qal.infc.u.u.u.a』
155170	אָזְנִ֑י	『L70924』	『4c.subs.f.sg.a.prs.p1.u.sg』
155190	לְ	『L70028』	『4c.prep』
155191	דֹואֵ֔ג	『L74307』	『4c.nmpr.m.sg.a』
155201	דֹּואֵ֣ג	『L74307』	『4c.nmpr.m.sg.a』
155292	דֹּואֵ֣ג	『L74307』	『4c.nmpr.m.sg.a』
155416	וַ	『L70008』	『4c.conj』
155417	אֲנָשָׁ֨יו	『L70186』	『4c.subs.m.pl.a.prs.p3.m.sg』
156059	אֹֽיִבְךָ֙	『L70980』	『4c.subs.qal.ptca.u.m.sg.a.prs.p2.m.sg』
156163	מֵֽ	『L70038』	『4c.prep』
156164	הַ	『L70006』	『4c.art』
156165	מְּעָרָ֔ה	『L70906』	『4c.subs.f.sg.a』
156387	וְ	『L70008』	『4c.conj』
156388	אַתָּה֙	『L70219』	『4c.prps.p2.m.sg』
156561	כָלִבִּֽי	『L74333』	『4c.subs.m.sg.a』
156881	אֲבִיגַ֡יִל	『L74331』	『4c.nmpr.f.sg.a』
156893	עֲשׂוּיֹות֙	『L70036』	『4c.adjv.qal.ptcp.u.f.pl.a』
157292	וַ	『L70008』	『4c.conj』
157293	תָּבֹאת֙	『L70172』	『4c.verb.qal.wayq.p2.f.sg』
157672	סְבִיבֹתָֽיו	『L71009』	『4c.subs.f.pl.a.prs.p3.m.sg』
157728	מְרַאֲשֹׁתָ֑יו	『L71187』	『4c.advb.f.pl.a.prs.p3.m.sg』
157735	סְבִיבֹתָֽיו	『L71009』	『4c.subs.f.pl.a.prs.p3.m.sg』
157821	מְרַאֲשֹׁתָ֛יו	『L71187』	『4c.advb.f.pl.a.prs.p3.m.sg』
157976	מְרַאֲשֹׁתָֽיו	『L71187』	『4c.advb.f.pl.a.prs.p3.m.sg』
158115	חֲנִ֣ית	『L74218』	『4c.subs.f.sg.c』
158292	יָסַ֥ף	『L70265』	『4c.verb.qal.perf.p3.m.sg』
158374	וְ	『L70008』	『4c.conj』
158375	הַ	『L70006』	『4c.art』
158376	גִּזְרִ֖י	『L74352』	『4c.subs.m.sg.a』
158685	קָֽסֳמִי	『L73325』	『4c.verb.qal.impv.p2.f.sg』
159273	בְּ	『L70001』	『4c.prep』
159274	רִבְבֹתָֽיו	『L71051』	『4c.subs.f.pl.a.prs.p3.m.sg』
159563	בָּנָ֣יו	『L70235』	『4c.subs.m.pl.a.prs.p3.m.sg』
160632	וָ	『L70008』	『4c.conj』
160633	אֹמַ֣ר	『L70020』	『4c.verb.qal.wayq.p1.u.sg』
160686	בִּ	『L70001』	『4c.prep』
160687	בְגָדָ֖יו	『L71046』	『4c.subs.m.pl.a.prs.p3.m.sg』
160781	דָּמְךָ֖	『L70285』	『4c.subs.m.sg.a.prs.p2.m.sg』
161461	תַּחְתָּ֑יו	『L70039』	『4c.prep.m.pl.a.prs.p3.m.sg』
161708	וַ	『L70008』	『4c.conj』
161709	יִּוָּלְד֧וּ	『L70234』	『4c.verb.nif.wayq.p3.m.pl』
161726	לַ	『L70028』	『4c.prep』
161727	אֲבִיגַ֕יִל	『L74331』	『4c.nmpr.f.sg.a』
161912	תַּחְתָּ֥יו	『L70039』	『4c.prep.m.pl.a.prs.p3.m.sg』
162002	לָֽיִשׁ	『L74339』	『4c.nmpr.m.sg.a』
162248	מֹ֣ובָאֶ֔ךָ	『L74398』	『4c.subs.m.sg.a.prs.p2.m.sg』
162954	הָיִ֛יתָ	『L70010』	『4c.verb.qal.perf.p2.m.sg』
162955	הַ	『L70006』	『4c.conj』
162956	מֹּוצִ֥יא	『L70056』	『4c.verb.hif.ptca.u.m.sg.a』
162957	וְ	『L70008』	『4c.conj』
162958	הַ	『L70006』	『4c.conj』
162959	מֵּבִ֖יא	『L70172』	『4c.verb.hif.ptca.u.m.sg.a』
163109	שְׂנֻאֵ֖י	『L71052』	『4c.adjv.qal.ptcp.u.m.pl.c』
163379	כְּֽ	『L70092』	『4c.prep』
163380	שָׁמְעֲךָ֞	『L70211』	『4c.verb.qal.infc.u.u.u.a.prs.p2.m.sg』
164660	פְּרָֽת	『L70162』	『4c.nmpr.u.sg.a』
165485	יִשְׂרָאֵ֔ל	『L71341』	『4c.nmpr.u.sg.a』
166255	וַ	『L70008』	『4c.conj』
166256	יֹּר֨וּ	『L71322』	『4c.verb.hif.wayq.p3.m.pl』
166257	הַ	『L70006』	『4c.art』
166258	מֹּורִ֤ים	『L71322』	『4c.subs.hif.ptca.u.m.pl.a』
166573	בְּ	『L70001』	『4c.prep』
166574	עֵינַי֒	『L70200』	『4c.subs.f.du.a.prs.p1.u.sg』
166851	שִׂמְלֹתָ֔יו	『L70478』	『4c.subs.f.pl.a.prs.p3.m.sg』
166913	וְ	『L70008』	『4c.conj』
166914	חַנַּ֥נִי	『L71350』	『4c.verb.qal.perf.p3.m.sg.prs.p1.u.sg』
166955	וַ	『L70008』	『4c.conj』
166956	תִּקְרָ֤א	『L70027』	『4c.verb.qal.wayq.p3.f.sg』
167099	בַּ	『L70001』	『4c.prep』
167100		『L70006』	『4c.art』
167101	מַּלְבֵּ֔ן	『L74483』	『4c.subs.m.sg.a』
167308	וַ	『L70008』	『4c.conj』
167309	תָּ֨לָשׁ֙	『L70836』	『4c.verb.qal.wayq.p3.f.sg』
167914	עֵינָ֔יו	『L70200』	『4c.subs.f.du.a.prs.p3.m.sg』
167981	עַמִּיה֖וּד	『L72750』	『4c.nmpr.m.sg.a』
168180	שִׂים	『L70135』	『4c.verb.qal.infc.u.u.u.a』
168255	מֵ	『L70038』	『4c.prep』
168256	הַרְבַּ֞ת	『L74496』	『4c.subs.f.sg.c』
168604	עַבְדֶּֽךָ	『L70483』	『4c.subs.m.sg.a.prs.p2.m.sg』
168762	וְ	『L70008』	『4c.conj』
168763	הַצִּית֣וּהָ	『L73536』	『4c.verb.hif.impv.p2.m.pl.prs.p3.f.sg』
169059	יָשֹׁ֨וב	『L70299』	『4c.advb.qal.infa.u.u.u.a』
169324	אֲנִֽיעֲךָ֤	『L70290』	『4c.verb.hif.impf.p1.u.sg.prs.p2.m.sg』
169536	בְּ	『L70001』	『4c.prep』
169537	עַֽרְבֹ֖ות	『L72949』	『4c.subs.f.pl.c』
169793	וְ	『L70008』	『4c.conj』
169794	הַ	『L70006』	『4c.art』
169795	לֶּ֤חֶם	『L70241』	『4c.subs.u.sg.a』
169942	תַּחְתָּ֔יו	『L70039』	『4c.prep.m.pl.a.prs.p3.m.sg』
169997	כֹּ֣ה	『L70750』	『4c.advb』
169999	כִּ֤י	『L70023』	『4c.conj』
170048	בְּ	『L70001』	『4c.prep』
170049	עֵינִ֑י	『L70200』	『4c.subs.f.sg.a.prs.p1.u.sg』
170176	לֹ֥ו	『L70028』	『4c.prep.prs.p3.m.sg』
170274	אִ֖ישׁ	『L70186』	『4c.subs.m.sg.a』
170551	בְּ	『L70001』	『4c.prep』
170552	אַחַ֤ד	『L70033』	『4c.subs.u.sg.c』
171140	לַ	『L70028』	『4c.prep』
171141	עְזֹֽור	『L71795』	『4c.verb.qal.infc.u.u.u.a』
171251	נָפֹ֖וצֶת	『L70542』	『4c.verb.nif.ptca.u.f.sg.a』
171372	וְ	『L70008』	『4c.conj』
171373	ל֨וּ	『L70819』	『4c.conj』
171411	בְ	『L70001』	『4c.prep』
171412	נַפְשִׁי֙	『L70073』	『4c.subs.f.sg.a.prs.p1.u.sg』
171512	לְ	『L70028』	『4c.prep』
171513	אֹהָלָֽיו	『L70312』	『4c.subs.m.pl.a.prs.p3.m.sg』
171520	בְ	『L70001』	『4c.prep』
171521	חַיָּיו֙	『L70130』	『4c.subs.m.pl.a.prs.p3.m.sg』
171598	עַל	『L70014』	『4c.prep』
171599	כֵּ֥ן	『L70040』	『4c.advb』
172094	ל֣וּ	『L70819』	『4c.conj』
172430	בְּ	『L70001』	『4c.prep』
172431	עֵינָ֑יו	『L70200』	『4c.subs.f.du.a.prs.p3.m.sg』
172757	הַ	『L70006』	『4c.art』
172758	יַּרְדֵּֽן	『L70661』	『4c.nmpr.u.sg.a』
172963	הֶעֱבִ֣ירוּ	『L70422』	『4c.verb.hif.perf.p3.u.pl』
173204	וַ	『L70008』	『4c.conj』
173205	יֹּ֕וחֶר	『L71049』	『4c.verb.hif.wayq.p3.m.sg』
173284	וְ	『L70008』	『4c.conj』
173285	עָלָ֞יו	『L70014』	『4c.prep.prs.p3.m.sg』
173448	וַ	『L70008』	『4c.conj』
173449	יִּקָּ֣הֲל֔וּ	『L72403』	『4c.verb.nif.wayq.p3.m.pl』
173674	הַ	『L70006』	『4c.art』
173675	כְּרֵתִ֖י	『L74361』	『4c.subs.m.sg.a』
173691	וּ	『L70008』	『4c.conj』
173692	שְׁוָ֖א	『L74549』	『4c.nmpr.m.sg.a』
173806	לָ֜נוּ	『L70028』	『4c.prep.prs.p1.u.pl』
173850	יֻתַּן	『L70068』	『4c.verb.hof.impf.p3.m.sg』
173943	שְׁבַעְתָּ֖ם	『L70296』	『4c.subs.f.sg.a.prs.p3.m.pl』
173945	וְ	『L70008』	『4c.conj』
173946	הֵ֨מָּה	『L70366』	『4c.prps.p3.m.pl』
173954	בִּ	『L70001』	『4c.prep』
173955	תְחִלַּ֖ת	『L70648』	『4c.subs.f.sg.c』
174035	תְּלָא֥וּם	『L73422』	『4c.verb.qal.perf.p3.u.pl.prs.p3.m.pl』
174036	שָׁ֨מָּה֙	『L70136』	『4c.advb』
174037	פְּלִשְׁתִּ֔ים	『L70529』	『4c.subs.m.pl.a』
174119	וְ	『L70008』	『4c.conj』
174120	יִשְׁבִּ֨י	『L74555』	『4c.nmpr.m.sg.a』
174240	מָדֹ֗ון	『L74564』	『4c.subs.m.sg.a』
174269	שִׁמְעָ֖ה	『L74485』	『4c.nmpr.m.sg.a』
174377	וַ	『L70008』	『4c.conj』
174378	יִּתְגָּעַ֤שׁ	『L74571』	『4c.verb.hit.wayq.p3.m.sg』
174453	וַ	『L70008』	『4c.conj』
174454	יָּהֹֽם	『L72028』	『4c.verb.qal.wayq.p3.m.sg』
174525	מִשְׁפָּטָ֖יו	『L70855』	『4c.subs.m.pl.a.prs.p3.m.sg』
174625	דַּרְכִּֽי	『L70260』	『4c.subs.u.sg.a.prs.p1.u.sg』
174627	רַגְלַ֖י	『L70437』	『4c.subs.f.du.a.prs.p1.u.sg』
174788	מִגְדֹּ֖ול	『L74593』	『4c.subs.m.sg.c』
174937	הָֽ	『L70006』	『4c.art』
174938	עֶצְנִ֔י	『L74599』	『4c.subs.m.sg.a』
174945	אֶחָֽת	『L70033』	『4c.subs.f.sg.a』
174946	וְ	『L70008』	『4c.conj』
174947	אַחֲרָ֛יו	『L70341』	『4c.prep.m.pl.a.prs.p3.m.sg』
174950	דֹּדֹ֖ו	『L74038』	『4c.nmpr.m.sg.a』
174955	הַ	『L70006』	『4c.art』
174956	גִּבֹּרִ֜ים	『L70367』	『4c.subs.m.pl.a』
175054	שְׁלֹשָׁ֜ה	『L70339』	『4c.subs.f.sg.a』
175169	הַ	『L70006』	『4c.art』
175170	שְּׁלֹשָׁ֔ה	『L70339』	『4c.subs.f.sg.a』
175209	חַ֛יִל	『L71377』	『4c.subs.m.sg.a』
175226	הָ	『L70006』	『4c.art』
175227	אֲרִ֛י	『L72978』	『4c.subs.m.sg.a』
175242	אִ֣ישׁ	『L70186』	『4c.subs.m.sg.c』
175381	חֶצְרַי֙	『L74629』	『4c.nmpr.m.sg.a』
175401	נֹשֵׂ֕א	『L70293』	『4c.subs.qal.ptca.u.m.sg.c』
175769	רַֽחֲמָ֔יו	『L71629』	『4c.subs.m.pl.a.prs.p3.m.sg』
175837	הָ	『L70006』	『4c.art』
175838	אֲרַ֥וְנָה	『L74641』	『4c.nmpr.m.sg.a』
175898	אֲרַ֥וְנָה	『L74641』	『4c.nmpr.m.sg.a』
175980	בְּ	『L70001』	『4c.prep』
175981	עֵינָ֑יו	『L70200』	『4c.subs.f.du.a.prs.p3.m.sg』
176653	עַבְדְּךָ֔	『L70483』	『4c.subs.m.sg.a.prs.p2.m.sg』
176877	יִֽהְיֶ֣ה	『L70010』	『4c.verb.qal.impf.p3.m.sg』
177122	אֱלֹהִ֜ים	『L70004』	『4c.subs.m.pl.a』
177814	וַ	『L70008』	『4c.conj』
177815	יֹּֽושִׁיבַ֨נִי֙	『L70299』	『4c.verb.hif.wayq.p3.m.sg.prs.p1.u.sg』
179169	הָ	『L70006』	『4c.art』
179170	אֶחָ֖ד	『L70033』	『4c.subs.u.sg.a』
179709	רַגְלָֽי	『L70437』	『4c.subs.f.du.a.prs.p1.u.sg』
180158	יָצִ֨יעַ֙	『L74696』	『4c.subs.m.sg.a』
180176	הַ	『L70006』	『4c.art』
180177	יָּצִ֨יעַ	『L74696』	『4c.subs.m.sg.a』
180286	הַ	『L70006』	『4c.art』
180287	יָּצִ֨יעַ֙	『L74696』	『4c.subs.m.sg.a』
180401	מִֽ	『L70038』	『4c.prep』
180402	יַּרְכְּתֵ֤י	『L71766』	『4c.subs.f.du.c』
180507	בְּ	『L70001』	『4c.prep』
180508	רַתּוּקֹ֤ות	『L74708』	『4c.subs.m.pl.c』
180838	מִשְׁפָּטָ֑יו	『L70855』	『4c.subs.m.pl.a.prs.p3.m.sg』
181286	הַ	『L70006』	『4c.art』
181287	שְּׂבָכָ֑ה	『L74727』	『4c.subs.f.sg.a』
181366	וְ	『L70008』	『4c.conj』
181367	קָו֙	『L74731』	『4c.subs.m.sg.a』
181666	מִסְגְּרֹתֶ֔יהָ	『L72241』	『4c.subs.f.pl.a.prs.p3.f.sg』
181892	הָ	『L70006』	『4c.art』
181893	אֵ֔לֶּה	『L70111』	『4c.prde.u.pl』
182634	דְּבָ֣רְךָ֔	『L70580』	『4c.subs.m.sg.a.prs.p2.m.sg』
183225	בָּנִ֥יתִי	『L70181』	『4c.verb.qal.perf.p1.u.sg』
183902	וַ	『L70008』	『4c.conj』
183903	יִּשְׁתַּחֲו֥וּ	『L70826』	『4c.verb.hsht.wayq.p3.m.pl』
184102	תַּדְמֹ֥ר	『L74753』	『4c.nmpr.u.sg.a』
184429	מְשָׁרְתָ֜יו	『L71536』	『4c.subs.piel.ptca.u.m.pl.a.prs.p3.m.sg』
185982	וַ	『L70008』	『4c.conj』
185983	יָּבֹ֥א	『L70172』	『4c.verb.qal.wayq.p3.m.sg』
186063	וַ	『L70008』	『4c.conj』
186064	יְדַבְּרוּ֙	『L70447』	『4c.verb.piel.wayq.p3.m.pl』
186206	וַ	『L70008』	『4c.conj』
186207	יָּבֹ֨וא	『L70172』	『4c.verb.qal.wayq.p3.m.sg』
186442	וַ	『L70008』	『4c.conj』
186443	יָּבֹ֣א	『L70172』	『4c.verb.qal.wayq.p3.m.sg』
186757	מִ	『L70038』	『4c.prep』
186758	לִּבֹּ֑ו	『L70372』	『4c.subs.m.sg.a.prs.p3.m.sg』
187661	אַ֖תְּ	『L70633』	『4c.prps.p2.f.sg』
188236	שִׁישַׁ֥ק	『L74787』	『4c.nmpr.m.sg.a』
188606	וְ	『L70008』	『4c.conj』
188607	קָדְשֵׁ֖י	『L71856』	『4c.subs.m.pl.c』
188669	הַ	『L70006』	『4c.art』
188670	מֶּ֔לֶךְ	『L70671』	『4c.subs.m.sg.a』
189457	חַטֹּאתָיו֙	『L70281』	『4c.subs.f.pl.a.prs.p3.m.sg』
189622	וּ	『L70008』	『4c.conj』
189623	בְ	『L70001』	『4c.prep』
189624	חַטָּאתֹ֔ו	『L70281』	『4c.subs.f.sg.a.prs.p3.m.sg』
189798	וּ	『L70008』	『4c.conj』
189799	בִ	『L70001』	『4c.prep』
189800	שְׂג֤וּב	『L74828』	『4c.nmpr.m.sg.a』
190105	תֵּת	『L70068』	『4c.verb.qal.infc.u.u.u.c』
190121	הִֽיא	『L70152』	『4c.prps.p3.f.sg』
190122	וָ	『L70008』	『4c.conj』
190123	ה֛וּא	『L70148』	『4c.prps.p3.m.sg』
191161	וּ	『L70008』	『4c.conj』
191162	בִ	『L70001』	『4c.prep』
191163	דְבָרְךָ֣	『L70580』	『4c.subs.m.sg.a.prs.p2.m.sg』
191300	בִּרְכָּֽיו	『L71224』	『4c.subs.f.du.a.prs.p3.m.sg』
191476	אֶחָ֑ד	『L70033』	『4c.subs.u.sg.a』
192939	מֵ	『L70038』	『4c.prep』
192940	עֲלֵ֖י	『L70014』	『4c.prep』
193183	סְפָרִ֗ים	『L70338』	『4c.subs.m.pl.a』
193467	מֵבִ֤יא	『L70172』	『4c.verb.hif.ptca.u.m.sg.a』
193638	אָבִ֤יא	『L70172』	『4c.verb.hif.impf.p1.u.sg』
193929	דְבָרְךָ֗	『L70580』	『4c.subs.m.sg.a.prs.p2.m.sg』
194644	עָשָׂה֩	『L70036』	『4c.verb.qal.perf.p3.m.sg』
194657	נִשְׁבְּר֥וּ	『L70885』	『4c.verb.nif.perf.p3.u.pl』
195654	הַ	『L70006』	『4c.art』
195655	גֵּאָיֹ֑ות	『L72927』	『4c.subs.f.pl.a』
196359	וַ	『L70008』	『4c.conj』
196360	יַּכּוּ	『L70298』	『4c.verb.hif.wayq.p3.m.pl』
196504	לָ֖ךְ	『L70028』	『4c.prep.prs.p2.f.sg』
196533	שְׁכֵנָ֑יִךְ	『L71864』	『4c.subs.m.pl.a.prs.p2.f.sg』
196577	מֹוצָֽקֶת	『L71194』	『4c.verb.hif.ptca.u.f.sg.a』
196620	נִשְׁיֵ֑ךְ	『L74891』	『4c.subs.m.sg.a.prs.p2.f.sg』
196623	וּ	『L70008』	『4c.conj』
196624	בָנַ֔יִךְ	『L70235』	『4c.subs.m.pl.a.prs.p2.f.sg』
196808	אַ֖תְּ	『L70633』	『4c.prps.p2.f.sg』
196928	אַ֣תְּ	『L70633』	『4c.prps.p2.f.sg』
196929	הֹלֶ֤כֶת	『L70159』	『4c.verb.qal.ptca.u.f.sg.a』
197192	כַּפָּ֔יו	『L70436』	『4c.subs.f.du.a.prs.p3.m.sg』
197671	בְּ	『L70001』	『4c.prep』
197672	סוּסָ֣יו	『L71715』	『4c.subs.m.pl.a.prs.p3.m.sg』
197737	אֲמָנָ֨ה	『L74902』	『4c.nmpr.u.sg.a』
197922	יִסְלַח	『L72427』	『4c.verb.qal.impf.p3.m.sg』
198091	מֵ	『L70038』	『4c.prep』
198092	אַ֖יִן	『L71203』	『4c.inrg』
198333	וְ	『L70008』	『4c.conj』
198334	הִזְהִירֹ֖ו	『L72126』	『4c.verb.hif.perf.p3.m.sg.prs.p3.m.sg』
198695	דִּבְיֹונִ֖ים	『L74916』	『4c.subs.m.pl.a』
199281	בַ	『L70001』	『4c.prep』
199282		『L70006』	『4c.art』
199283	שָּׂדֶה֙	『L70115』	『4c.subs.m.sg.a』
199321	הֲמֹ֤ון	『L70806』	『4c.subs.m.sg.c』
199372	בְּ	『L70001』	『4c.prep』
199373	חָפְזָ֑ם	『L73333』	『4c.verb.qal.infc.u.u.u.a.prs.p3.m.pl』
199536	אַ֣תְּ	『L70633』	『4c.prps.p2.f.sg』
199806	לֹ֖ו	『L70028』	『4c.prep.prs.p3.m.sg』
199962	שָׁנִ֔ים	『L70061』	『4c.subs.f.pl.a』
200593	לְ	『L70028』	『4c.prep』
200594	הַגִּ֥יד	『L70218』	『4c.verb.hif.infc.u.u.u.a』
200835	שָֽׁלִשֹׁ֔ו	『L72025』	『4c.subs.m.sg.a.prs.p3.m.sg』
201012	שִׁמְט֖וּהָ	『L72202』	『4c.verb.qal.impv.p2.m.pl.prs.p3.f.sg』
201097	וְֽ	『L70008』	『4c.conj』
201098	הָיְתָ֞ה	『L70010』	『4c.verb.qal.perf.p3.f.sg』
201809	לְ	『L70028』	『4c.prep』
201810	מֹֽוצָאֹ֖ות	『L74939』	『4c.subs.f.pl.a』
202004	רָאֲתָ֖ה	『L70022』	『4c.verb.qal.perf.p3.f.sg』
202038	הַ	『L70006』	『4c.conj』
202039	מּ֣וּמָתִ֔ים	『L70168』	『4c.verb.hof.ptcp.u.m.pl.a』
202083	הַ	『L70006』	『4c.art』
202084	מֵּאֹ֗ות	『L70340』	『4c.subs.f.pl.a』
202207	הַ	『L70006』	『4c.art』
202208	מֵּאֹ֗ות	『L70340』	『4c.subs.f.pl.a』
202240	הַ	『L70006』	『4c.art』
202241	מֵּאֹ֗ות	『L70340』	『4c.subs.f.pl.a』
202383	הַ	『L70006』	『4c.art』
202384	מֵּאֹ֣ות	『L70340』	『4c.subs.f.pl.a』
202473	מִזְבְּחֹתָ֤יו	『L70449』	『4c.subs.m.pl.a.prs.p3.m.sg』
202559	הַ	『L70006』	『4c.art』
202560	מֶּֽלֶךְ	『L70671』	『4c.subs.m.sg.a』
202763	מִ	『L70038』	『4c.prep』
202764	יָּמִ֗ין	『L70658』	『4c.subs.f.sg.a』
202826	יְדֵי֙	『L70251』	『4c.subs.u.du.c』
202830	הַ	『L70006』	『4c.conj』
202831	מֻּפְקָדִ֖ים	『L70935』	『4c.verb.hof.ptcp.u.m.pl.a』
203194	הֶחֱטִ֥יא	『L70921』	『4c.verb.hif.perf.p3.m.sg』
203662	יְהֹֽועַדָּ֖ן	『L74961』	『4c.nmpr.m.sg.a』
203752	יוּמָֽת	『L70168』	『4c.verb.hof.impf.p3.m.sg』
203759	מֶ֨לַח֙	『L70686』	『4c.subs.m.sg.a』
203899	לְ	『L70028』	『4c.prep』
203900	אֹהָלָֽיו	『L70312』	『4c.subs.m.pl.a.prs.p3.m.sg』
203916	וַ	『L70008』	『4c.conj』
203917	יָּבֹא֙	『L70172』	『4c.verb.qal.wayq.p3.m.sg』
204757	הַ	『L70006』	『4c.art』
204758	מֶּ֨לֶךְ֙	『L70671』	『4c.subs.m.sg.a』
205167	וַֽ	『L70008』	『4c.conj』
205168	אֲדֹמִים֙	『L73353』	『4c.subs.m.pl.a』
205400	וַ	『L70008』	『4c.conj』
205401	יְצַוֶּ֣ה	『L70166』	『4c.verb.piel.wayq.p3.m.sg』
205489	אֶת	『L70005』	『4c.prep』
205513	מוּסַ֨ךְ	『L74993』	『4c.subs.m.sg.c』
205826	נְבִיאֵ֨י	『L70922』	『4c.subs.m.pl.c』
205922	שְׁנֵ֣י	『L70063』	『4c.subs.u.du.c』
206030	וַ	『L70008』	『4c.conj』
206031	יַּדַּ֨ח	『L73245』	『4c.verb.hif.wayq.p3.m.sg』
206294	אֱלֹהֵ֥י	『L70004』	『4c.subs.m.pl.c』
206295	סְפַרְוָֽיִם	『L75004』	『4c.nmpr.u.sg.a』
207179	צֹואָתָ֗ם	『L75029』	『4c.subs.f.sg.a.prs.p3.m.pl』
207184	מֵֽימֵי	『L70019』	『4c.subs.m.pl.c』
207185	רַגְלֵיהֶ֖ם	『L70437』	『4c.subs.f.du.a.prs.p3.m.pl』
207878	בְּ	『L70001』	『4c.prep』
207879	רֹ֥ב	『L70796』	『4c.subs.m.sg.c』
207896	קִצֹּ֔ו	『L70270』	『4c.subs.m.sg.a.prs.p3.m.sg』
208051	צְבָ֖אֹות	『L70106』	『4c.subs.m.pl.a』
208168	בָּנָיו֙	『L70235』	『4c.subs.m.pl.a』
208259	חָצֵ֖ר	『L71086』	『4c.subs.u.sg.a』
208464	נְכֹתֹ֡ו	『L75066』	『4c.subs.f.sg.a.prs.p3.m.sg』
208600	יִקָּ֑חוּ	『L70163』	『4c.verb.qal.impf.p3.m.pl』
208946	שֹׁ֣מְעָ֔הּ	『L70211』	『4c.subs.qal.ptca.u.m.sg.a.prs.p3.f.sg』
209319	וְ	『L70008』	『4c.conj』
209320	יִתְּנֻ֗הוּ	『L70068』	『4c.verb.qal.impf.p3.m.pl.prs.p3.m.sg』
209328	בֵּ֣ית	『L70386』	『4c.subs.m.sg.c』
210106	בֶן	『L70235』	『4c.subs.m.sg.c』
210770	מִ	『L70038』	『4c.prep』
210771	מְּלֹ֖ךְ	『L71447』	『4c.verb.qal.infc.u.u.u.a』
210873	זְבוּדָּ֥ה	『L75099』	『4c.nmpr.f.sg.a』
211076	עָל֗וּ	『L70123』	『4c.verb.qal.perf.p3.u.pl』
211177	עֲשֶׂ֤רֶת	『L70869』	『4c.subs.f.sg.c』
211214	אֵילֵ֣י	『L70757』	『4c.subs.m.pl.c』
211279	חֲמוּטַ֥ל	『L75095』	『4c.nmpr.f.sg.a』
211700	אַמֹּות֒	『L70389』	『4c.subs.f.pl.a』
213126	מַּה	『L70173』	『4c.prin.u.u』
213127	לָּכֶם֙	『L70028』	『4c.prep.prs.p2.m.pl』
213148	נְטוּיֹ֣ות	『L70624』	『4c.adjv.qal.ptcp.u.f.pl.c』
213933	יִשְׁאַ֨ג	『L74061』	『4c.verb.qal.impf.p3.m.sg』
215176	לֹ֖ו	『L70028』	『4c.prep.prs.p3.m.sg』
215251	לְ	『L70028』	『4c.prep』
215252	מַרְבֵּ֨ה	『L75259』	『4c.subs.m.sg.c』
215614	וּ	『L70008』	『4c.conj』
215615	לְ	『L70028』	『4c.prep』
215616	שׂוּמֹ֥ו	『L70135』	『4c.verb.qal.infc.u.u.u.a.prs.p3.m.sg』
215737	וַ	『L70008』	『4c.conj』
215738	עֲתוּדֹֽותֵיהֶם֙	『L75274』	『4c.subs.m.pl.a.prs.p3.m.pl』
216050	בַּת	『L70343』	『4c.subs.f.sg.c』
216477	מוּדַ֥עַת	『L70198』	『4c.verb.hof.ptcp.u.f.sg.a』
216723	תִּשָּׁכַֽבְנָה	『L70878』	『4c.verb.nif.impf.p3.f.pl』
217492	הָבִ֤יאִי	『L70172』	『4c.verb.hif.impv.p2.f.sg』
218033	אֶשְׁקֳטָ֖ה	『L73585』	『4c.verb.qal.impf.p1.u.sg』
219559	כִּתִּים֙	『L70497』	『4c.nmpr.m.pl.a』
219580	בַחוּנָ֗יו	『L75458』	『4c.subs.m.pl.a.prs.p3.m.sg』
220248	בְּמֹ֥ו	『L75484』	『4c.prep』
220527	דְּלָתְךָ֖	『L70879』	『4c.subs.f.sg.a.prs.p2.m.sg』
220534	יַעֲבָר	『L70422』	『4c.verb.qal.impf.p3.m.sg』
221072	שֹׁ֣וט	『L75523』	『4c.subs.m.sg.a』
221075	יַֽעֲבֹר֙	『L70422』	『4c.verb.qal.impf.p3.m.sg』
221542	סֵ֛פֶר	『L70338』	『4c.subs.m.sg.a』
222431	בָּֽם	『L70001』	『4c.prep.prs.p3.m.pl』
222438	הִ֛יא	『L70152』	『4c.prps.p3.f.sg』
222763	עֲנִיִּים֙	『L72188』	『4c.subs.m.pl.a』
222864	וְ	『L70008』	『4c.conj』
222865	הַ	『L70006』	『4c.art』
222866	כַּרְמֶ֖ל	『L75048』	『4c.subs.m.sg.a』
224037	צֹואָתָ֗ם	『L75029』	『4c.subs.f.sg.a.prs.p3.m.pl』
224042	מֵימֵ֥י	『L70019』	『4c.subs.m.pl.c』
224043	רַגְלֵיהֶ֖ם	『L70437』	『4c.subs.f.du.a.prs.p3.m.pl』
224854	וְ	『L70008』	『4c.conj』
224855	אִכְל֥וּ	『L70167』	『4c.verb.qal.impv.p2.m.pl』
225406	נְכֹתֹ֡ו	『L75066』	『4c.subs.f.sg.a.prs.p3.m.sg』
226434	וְ	『L70008』	『4c.conj』
226435	נִרְאֶ֥ה	『L70022』	『4c.verb.qal.impf.p1.u.pl』
226832	רָאֹ֥ות	『L70022』	『4c.verb.qal.infa.u.u.u.a』
226888	לִ	『L70028』	『4c.prep』
226889	מְשִׁיסָּ֧ה	『L75072』	『4c.subs.f.sg.a』
227657	יִסְגָּד	『L75714』	『4c.verb.qal.impf.p3.m.sg』
227809	מֵ	『L70038』	『4c.prep』
227810	אִתִּֽי	『L70264』	『4c.prep.prs.p1.u.sg』
227905	אֲיַשֵּׁ֑ר	『L72979』	『4c.verb.piel.impf.p1.u.sg』
228488	עֲצָתִ֑י	『L73478』	『4c.subs.f.sg.a.prs.p1.u.sg』
228737	הֹבְרֵ֣י	『L75740』	『4c.verb.qal.ptca.u.m.pl.c』
229220	לֹ֣ו	『L70028』	『4c.prep.prs.p3.m.sg』
229243	וּ	『L70008』	『4c.conj』
229244	נְצוּרֵ֥י	『L72425』	『4c.subs.qal.ptcp.u.m.pl.c』
229387	וּ	『L70008』	『4c.conj』
229388	פִצְח֥וּ	『L75333』	『4c.verb.qal.impv.p2.m.pl』
230328	הִֽתְפַּתְּחִי֙	『L70409』	『4c.verb.hit.impv.p2.f.sg』
230366	מַה	『L70173』	『4c.prin.u.u』
230367	לִּי	『L70028』	『4c.prep.prs.p1.u.sg』
230375	מֹשְׁלָ֤יו	『L70069』	『4c.subs.qal.ptca.u.m.pl.a.prs.p3.m.sg』
231012	הִנֵּ֤ה	『L70099』	『4c.intj』
231294	וְ	『L70008』	『4c.conj』
231295	תַ֥חַת	『L70039』	『4c.prep.m.sg.c』
231497	צֹפָ֞יו	『L71321』	『4c.subs.qal.ptca.u.m.pl.a.prs.p3.m.sg』
231865	נִ֣יב	『L75802』	『4c.subs.m.sg.c』
232204	בָּ֣מֳתֵי	『L72725』	『4c.subs.f.pl.c』
232997	מַטָּעַ֛י	『L75826』	『4c.subs.m.pl.a.prs.p1.u.sg』
233279	וּ	『L70008』	『4c.conj』
233280	צְנִ֥יף	『L75833』	『4c.subs.m.sg.c』
233604	לֹ֣ו	『L70028』	『4c.prep.prs.p3.m.sg』
234020	וּ	『L70008』	『4c.conj』
234021	מְרַ֥ק	『L73984』	『4c.subs.m.sg.c』
234076	אֶל	『L70043』	『4c.prep』
234786	אַחַת֙	『L70033』	『4c.subs.f.sg.a』
235068	אֶצָּרְךָ֤	『L70125』	『4c.verb.qal.impf.p1.u.sg.prs.p2.m.sg』
235397	תְּבוּאָתֹ֑ו	『L71721』	『4c.subs.f.sg.a.prs.p3.m.sg』
235622	נִצְּת֖וּ	『L73536』	『4c.verb.nif.perf.p3.u.pl』
235629	וְ	『L70008』	『4c.conj』
235630	תַחְפַּנְחֵ֑ס	『L75859』	『4c.nmpr.u.sg.a』
235704	אֶעֱבֹ֑ור	『L70422』	『4c.verb.qal.impf.p1.u.sg』
235776	נַפְשָׁהּ֙	『L70073』	『4c.subs.f.sg.a.prs.p3.f.sg』
235793	וּ	『L70008』	『4c.conj』
235794	גְרֹונֵ֖ךְ	『L75164』	『4c.subs.m.sg.a.prs.p2.f.sg』
235834	יְלִדְתָּ֔נוּ	『L70234』	『4c.verb.qal.perf.p2.m.sg.prs.p1.u.pl』
235936	לִמַּ֖דְתְּ	『L73241』	『4c.verb.piel.perf.p2.f.sg』
236051	שֻׁכַּ֔בְּתְּ	『L70878』	『4c.verb.pual.perf.p2.f.sg』
236088	קָרָ֥את	『L70027』	『4c.verb.qal.perf.p2.f.sg』
236103	דִבַּ֛רְתְּ	『L70447』	『4c.verb.piel.perf.p2.f.sg』
236152	וַ	『L70008』	『4c.conj』
236153	תֵּ֛רֶא	『L70022』	『4c.verb.qal.wayq.p3.f.sg』
236438	תִּקְרְאִי	『L70027』	『4c.verb.qal.impf.p2.f.sg』
236444	תָשֽׁוּבִי	『L70243』	『4c.verb.qal.impf.p2.f.sg』
236635	תִּקְע֥וּ	『L71292』	『4c.verb.qal.impv.p2.m.pl』
236885	אֹוחִ֜ילָה	『L70442』	『4c.verb.hif.impf.p1.u.sg』
236896	שָׁמַ֣עַתְּ	『L70211』	『4c.verb.qal.perf.p2.f.sg』
237063	וְ	『L70008』	『4c.conj』
237064	אַ֨תְּ	『L70633』	『4c.prps.p2.f.sg』
237232	אֶֽסְלַֽח	『L72427』	『4c.verb.qal.impf.p1.u.sg』
237559	יֹורֶ֥ה	『L73283』	『4c.subs.m.sg.a』
237761	בַּ֨יִר֙	『L75898』	『4c.subs.m.sg.a』
238054	וְ	『L70008』	『4c.conj』
238055	אָבָֽדוּ	『L71963』	『4c.verb.qal.perf.p3.u.pl』
238111	תֵּֽצְאוּ֙	『L70056』	『4c.verb.qal.impf.p2.m.pl』
238119	תֵּלֵ֑כוּ	『L70159』	『4c.verb.qal.impf.p2.m.pl』
238172	מֵ	『L70038』	『4c.prep』
238173	אֵ֖שׁ	『L70780』	『4c.subs.u.sg.a』
238174	תַּ֣ם	『L71103』	『4c.adjv.m.sg.a』
238650	הֹוצִיאִ֥י	『L70056』	『4c.verb.hif.infc.u.u.u.a』
238953	יֹוצִ֣יאוּ	『L70056』	『4c.verb.hif.impf.p3.m.pl』
239101	בִּ	『L70001』	『4c.prep』
239102	מְר֣וּצָתָ֔ם	『L74532』	『4c.subs.f.sg.a.prs.p3.m.pl』
239118	וְ	『L70008』	『4c.conj』
239119	סִיס֙	『L75916』	『4c.subs.m.sg.a』
239516	שָׁח֛וּט	『L70971』	『4c.adjv.qal.ptcp.u.m.sg.a』
240117	הָ	『L70006』	『4c.art』
240118	אָ֑רֶץ	『L70009』	『4c.subs.u.sg.a』
240175	יֹשֶׁ֖בֶת	『L70299』	『4c.verb.qal.ptca.u.f.sg.a』
241517	וְ	『L70008』	『4c.conj』
241518	שִׁ֖ית	『L70227』	『4c.verb.qal.perf.p3.m.sg』
241570	שְׂא֤וּ	『L70293』	『4c.verb.qal.impv.p2.m.pl』
241572	וּ	『L70008』	『4c.conj』
241573	רְא֔וּ	『L70022』	『4c.verb.qal.impv.p2.m.pl』
241714	צְעִירֵיהֶ֖ם	『L70908』	『4c.subs.m.pl.a.prs.p3.m.pl』
241949	וֶֽ	『L70008』	『4c.conj』
241950	אֱלִיל֙	『L72623』	『4c.subs.m.sg.a』
241951	וְ	『L70008』	『4c.conj』
241952	תַרְמִ֣ית	『L75915』	『4c.subs.f.sg.c』
242268	לְ	『L70028』	『4c.prep』
242269	זַֽעֲוָ֔ה	『L73392』	『4c.subs.f.sg.a』
242338	אַלְמְנֹותָיו֙	『L71518』	『4c.subs.f.pl.a.prs.p3.m.sg』
242363	בָּ֥א	『L70172』	『4c.verb.qal.perf.p3.m.sg』
242408	שֵֽׁרִיתִ֖ךָ	『L75972』	『4c.verb.piel.perf.p1.u.sg.prs.p2.m.sg』
242491	דְבָֽרְךָ֙	『L70580』	『4c.subs.m.sg.a.prs.p2.m.sg』
242994	לְ	『L70028』	『4c.prep』
242995	דַיָּגִ֥ים	『L75411』	『4c.subs.m.pl.a』
243256	יִרְאֶה֙	『L70022』	『4c.verb.qal.impf.p3.m.sg』
243297	כִּ	『L70092』	『4c.prep』
243298	דְרָכָ֔יו	『L70260』	『4c.subs.m.pl.a.prs.p3.m.sg』
243315	יָמָיו֙	『L70029』	『4c.subs.m.pl.a.prs.p3.m.sg』
243335	וְ	『L70008』	『4c.conj』
243336	סוּרַי֙	『L75754』	『4c.subs.m.pl.a』
243426	הָ	『L70006』	『4c.art』
243427	עָ֔ם	『L70593』	『4c.subs.m.sg.a』
243523	שְׁמֹ֔ועַ	『L70211』	『4c.verb.qal.infc.u.u.u.a』
243561	בֹּ֖ו	『L70001』	『4c.prep.prs.p3.m.sg』
243705	וְ	『L70008』	『4c.conj』
243706	הִנֵּה	『L70099』	『4c.intj』
243707	ה֛וּא	『L70148』	『4c.prps.p3.m.sg』
243829	הָ	『L70006』	『4c.conj』
243830	רַע֙	『L70141』	『4c.adjv.m.sg.a』
243954	שְׁרִיקֹ֣ת	『L73954』	『4c.subs.f.pl.c』
244084	שׁוּחָה֙	『L75857』	『4c.subs.f.sg.a』
244114	וְ	『L70008』	『4c.conj』
244115	יִהְי֤וּ	『L70010』	『4c.verb.qal.impf.p3.m.pl』
244151	הַֽ	『L70006』	『4c.art』
244152	חַרְסִ֑ית	『L75989』	『4c.subs.f.sg.a』
244504	מֵבִ֜יא	『L70172』	『4c.verb.hif.ptca.u.m.sg.a』
245185	וְ	『L70008』	『4c.conj』
245186	חָיָ֔ה	『L70252』	『4c.verb.qal.perf.p3.m.sg』
245257	מַעַלְלֵיכֶֽם	『L73387』	『4c.subs.m.pl.a.prs.p2.m.pl』
245398	וַ	『L70008』	『4c.conj』
245399	עֲבָדָ֖יו	『L70483』	『4c.subs.m.pl.a.prs.p3.m.sg』
245443	נֹושָֽׁבוּ	『L70299』	『4c.verb.nif.perf.p3.u.pl』
245698	הֹדֹֽו	『L73091』	『4c.subs.m.sg.a.prs.p3.m.sg』
245763	יֹשַׁבְתְּ֙	『L70299』	『4c.verb.qal.ptca.u.f.sg.a』
245767	מְקֻנַּ֖נְתְּ	『L75634』	『4c.verb.pual.ptcp.u.f.sg.a』
246308	דְּבָרֹ֖ו	『L70580』	『4c.subs.m.sg.a.prs.p3.m.sg』
246941	לְ	『L70028』	『4c.prep』
246942	זַעֲוָ֣ה	『L73392』	『4c.subs.f.sg.a』
247155	הַכְעִיסֵ֛נִי	『L73247』	『4c.verb.hif.infc.u.u.u.a.prs.p1.u.sg』
247290	וְ	『L70008』	『4c.conj』
247291	הֵֽבֵאתִי֙	『L70172』	『4c.verb.hif.perf.p1.u.sg』
247971	הַ	『L70006』	『4c.art』
247972	זֹּאת֙	『L70183』	『4c.prde.f.sg』
248288	מִיכָה֙	『L74093』	『4c.nmpr.m.sg.a』
248995	יְכָנְיָ֨ה	『L76031』	『4c.nmpr.m.sg.a』
249063	בַּ	『L70001』	『4c.prep』
249064		『L70006』	『4c.art』
249065	שָּׁנָה֙	『L70061』	『4c.subs.f.sg.a』
249749	שְׁבוּתְכֶ֗ם	『L73435』	『4c.subs.f.sg.a.prs.p2.m.pl』
249863	לְ	『L70028』	『4c.prep』
249864	זַעֲוָ֜ה	『L73392』	『4c.subs.f.sg.a』
250006	הַ	『L70006』	『4c.conj』
250007	יֹּודֵ֥עַ	『L70198』	『4c.verb.qal.ptca.u.m.sg.a』
251036	הָלָ֑כְתְּ	『L70159』	『4c.verb.qal.perf.p2.f.sg』
251398	בָּאִ֖ים	『L70172』	『4c.verb.qal.ptca.u.m.pl.a』
251416	קָ֤ו	『L74731』	『4c.subs.m.sg.c』
251437	הַ	『L70006』	『4c.art』
251438	שְּׁדֵמֹות֩	『L73479』	『4c.subs.f.pl.a』
251468	בַּ	『L70001』	『4c.prep』
251469		『L70006』	『4c.art』
251470	שָּׁנָה֙	『L70061』	『4c.subs.f.sg.a』
251560	עֵינָ֥יו	『L70200』	『4c.subs.f.du.a.prs.p3.m.sg』
251995	וּ	『L70008』	『4c.conj』
251996	בְ	『L70001』	『4c.prep』
251997	תֹורָתְךָ֣	『L71117』	『4c.subs.f.sg.a.prs.p2.m.sg』
252308	הַחֲטִ֥יא	『L70921』	『4c.verb.hif.infc.u.u.u.a』
252691	לְ	『L70028』	『4c.prep』
252692	כָל	『L70078』	『4c.subs.m.sg.c』
253134	אָשִׁ֥יב	『L70243』	『4c.verb.hif.impf.p1.u.sg』
253423	וַֽ	『L70008』	『4c.conj』
253424	יִּכְבְּשׁ֔וּם	『L70098』	『4c.verb.qal.wayq.p3.m.pl.prs.p3.m.pl』
253593	לְ	『L70028』	『4c.prep』
253594	זַעֲוָ֔ה	『L73392』	『4c.subs.f.sg.a』
255180	הַ	『L70006』	『4c.art』
255181	כְּלֽוּא	『L76088』	『4c.subs.m.sg.a』
255492	וְ	『L70008』	『4c.conj』
255493	אַיֵּה֙	『L70842』	『4c.inrg』
255630	וְ	『L70008』	『4c.conj』
255631	חָיָ֔ה	『L70252』	『4c.verb.qal.perf.p3.m.sg』
255904	סְחָבֹ֔ות	『L76096』	『4c.subs.f.pl.a』
256028	אֲשֶׁר֩	『L70037』	『4c.conj』
256628	כִּ֗י	『L70023』	『4c.conj』
256715	מֵבִ֨יא	『L70172』	『4c.verb.hif.ptca.u.m.sg.a』
256858	הַ	『L70006』	『4c.art』
256859	דָּבָ֥ר	『L70580』	『4c.subs.m.sg.a』
257048	עֵיפַ֣י	『L76108』	『4c.nmpr.m.sg.a』
257285	תַּעֲשֵׂ֖ה	『L70036』	『4c.verb.qal.impf.p2.m.sg』
257759	כִּמְהָ֔ם	『L74536』	『4c.nmpr.m.sg.a』
257930	אֲנַ֜חְנוּ	『L70655』	『4c.prps.p1.u.pl』
258267	הִתְעֵתֶם֮	『L70928』	『4c.verb.hif.perf.p2.m.pl』
258596	שַׁפְרִירֹ֖ו	『L76115』	『4c.subs.m.sg.a.prs.p3.m.sg』
258598	וּ	『L70008』	『4c.conj』
258599	בָ֕א	『L70172』	『4c.verb.qal.perf.p3.m.sg』
259901	הִרְבֵּ֣ית	『L70083』	『4c.verb.hif.perf.p2.f.sg』
260422	צְעִירֶֽיהָ	『L70908』	『4c.subs.m.pl.a.prs.p3.f.sg』
260425	הַ	『L70006』	『4c.art』
260426	לֻּחִ֔ית	『L75355』	『4c.nmpr.u.sg.a』
260462	כְמֹושׁ֙	『L72937』	『4c.nmpr.m.sg.a』
260469	יַחְדָּֽיו	『L70649』	『4c.advb』
260635	וּ	『L70008』	『4c.conj』
260636	שְׁבִ֣י	『L70299』	『4c.verb.qal.impv.p2.f.sg』
260668	הֵילִ֣ילוּ	『L75311』	『4c.verb.hif.impv.p2.m.pl』
260669	וּֽ	『L70008』	『4c.conj』
260670	זְעָ֑קוּ	『L71847』	『4c.verb.qal.impv.p2.m.pl』
260691	מֵיפָֽעַת	『L73614』	『4c.nmpr.u.sg.a』
260762	נִמְצָ֑א	『L70174』	『4c.verb.nif.perf.p3.m.sg』
261033	הַ	『L70006』	『4c.conj』
261034	נָּ֞ס	『L70705』	『4c.verb.qal.ptca.u.m.sg.a』
261597	תְּהִלָּ֑ת	『L72055』	『4c.subs.f.sg.a』
261637	נְבֽוּכַדְרֶאצַּ֣ר	『L76001』	『4c.nmpr.m.sg.a』
261689	עֲלֵיכֶ֖ם	『L70014』	『4c.prep.prs.p2.m.pl』
261812	עֵילָֽם	『L70553』	『4c.nmpr.u.sg.a』
261863	אָשִׁ֛יב	『L70243』	『4c.verb.hif.impf.p1.u.sg』
261865	שְׁב֥וּת	『L73435』	『4c.subs.f.sg.c』
261977	הָי֣וּ	『L70010』	『4c.verb.qal.perf.p3.u.pl』
261982	שֹֽׁובְב֑וּם	『L70243』	『4c.verb.piel.perf.p3.u.pl.prs.p3.m.pl』
262017	צֵ֑אוּ	『L70056』	『4c.verb.qal.impv.p2.m.pl』
262063	תִשְׂמְחוּ֙	『L71875』	『4c.verb.qal.impf.p2.m.pl』
262065	תַֽעַלְז֔וּ	『L74373』	『4c.verb.qal.impf.p2.m.pl』
262069	תָפ֨וּשׁוּ֙	『L76143』	『4c.verb.qal.impf.p2.m.pl』
262073	וְ	『L70008』	『4c.conj』
262074	תִצְהֲל֖וּ	『L75287』	『4c.verb.qal.impf.p2.m.pl』
262132	אָשְׁיֹותֶ֔יהָ	『L76145』	『4c.subs.f.pl.a.prs.p3.f.sg』
262403	לָהּ֙	『L70028』	『4c.prep』
262684	אֲרִיצֵם֙	『L70825』	『4c.verb.hif.impf.p1.u.sg.prs.p3.m.pl』
262779	יִדְרֹ֤ךְ	『L72991』	『4c.verb.qal.impf.p3.m.sg』
262877	רִפִּ֣ינוּ	『L71879』	『4c.verb.piel.perf.p1.u.pl』
262961	שֹׁכַנְתְּ֙	『L70255』	『4c.verb.qal.ptca.u.f.sg.c』
263334	אֲכָלַ֣נִי	『L70167』	『4c.verb.qal.perf.p3.m.sg.prs.p1.u.sg』
263335	הֲמָמַ֗נִי	『L72028』	『4c.verb.qal.perf.p3.m.sg.prs.p1.u.sg』
263339	הִצִּיגַ֨נִי֙	『L71265』	『4c.verb.hif.perf.p3.m.sg.prs.p1.u.sg』
263342	בְּלָעַ֨נִי֙	『L71568』	『4c.verb.qal.perf.p3.m.sg.prs.p1.u.sg』
263350	הֱדִיחָֽנִי	『L75188』	『4c.verb.hif.perf.p3.m.sg.prs.p1.u.sg』
263927	חֲמוּטַ֥ל	『L75095』	『4c.nmpr.f.sg.a』
264154	בֵֽית	『L70386』	『4c.subs.m.sg.c』
264418	קֹומַת֙	『L70392』	『4c.subs.f.sg.c』
264682	הַ	『L70006』	『4c.art』
264683	כְּלֽוּא	『L76088』	『4c.subs.m.sg.a』
264696	הַ	『L70006』	『4c.art』
264697	מְּלָכִ֛ים	『L70671』	『4c.subs.m.pl.a』
264873	וִ	『L70008』	『4c.conj』
264874	ידֵ֣י	『L70251』	『4c.subs.u.du.c』
265789	וָֽ	『L70008』	『4c.conj』
265790	אֵשֵׁ֔ב	『L70299』	『4c.verb.qal.wayq.p1.u.sg』
265912	צִדְקֹתָיו֙	『L70753』	『4c.subs.f.pl.a.prs.p3.m.sg』
266187	הַ	『L70006』	『4c.art』
266188	יְמָנִי֙	『L72360』	『4c.adjv.m.sg.a』
266370	צְפִיעֵ֣י	『L76184』	『4c.subs.m.pl.c』
266865	וְ	『L70008』	『4c.conj』
266866	לַ	『L70028』	『4c.prep』
266867		『L70006』	『4c.art』
266868	גֵּאָיֹ֗ות	『L72927』	『4c.subs.f.pl.a』
267157	אַרְבַּ֖ע	『L70144』	『4c.subs.u.sg.c』
267518	וְ	『L70008』	『4c.conj』
267519	חִלְּלֽוּהוּ	『L70336』	『4c.verb.piel.perf.p3.u.pl.prs.p3.m.sg』
267775	מָ֣ה	『L70173』	『4c.prin.u.u』
267776	הֵ֣ם	『L70206』	『4c.prps.p3.m.pl』
268166	אֵלָ֔יו	『L70043』	『4c.prep.prs.p3.m.sg』
268208	אַל	『L70653』	『4c.nega』
268210	עֵינְכֶ֖ם	『L70200』	『4c.subs.f.sg.a.prs.p2.m.pl』
268366	כְּ	『L70092』	『4c.prep』
268367	כֹ֖ל	『L70078』	『4c.subs.m.sg.a』
268368	אֲשֶׁ֥ר	『L70037』	『4c.conj』
269596	עֶזְרֹ֛ו	『L70170』	『4c.subs.m.sg.a.prs.p3.m.sg』
270431	בָ֖א	『L70172』	『4c.verb.qal.ptca.u.m.sg.c』
270652	דָּנִיאֵ֣ל	『L76226』	『4c.nmpr.m.sg.a』
270775	דָּנִיאֵ֣ל	『L76226』	『4c.nmpr.m.sg.a』
271246	שֵׁ֤שׁ	『L71590』	『4c.subs.m.sg.a』
271256	אָכָ֑לְתְּ	『L70167』	『4c.verb.qal.perf.p2.f.sg』
271351	נָתַ֖תְּ	『L70068』	『4c.verb.qal.perf.p2.f.sg』
271394	מִ	『L70038』	『4c.prep』
271395	תַּזְנוּתָֽיִךְ	『L76236』	『4c.subs.f.pl.a.prs.p2.f.sg』
271413	זָכַ֖רְתְּ	『L70421』	『4c.verb.qal.perf.p2.f.sg』
271468	תַּזְנוּתָֽיִךְ	『L76236』	『4c.subs.f.pl.a.prs.p2.f.sg』
271555	עָשִׂ֖ית	『L70036』	『4c.verb.qal.perf.p2.f.sg』
271561	הָיִ֥ית	『L70010』	『4c.verb.qal.perf.p2.f.sg』
271782	זָכַרְתְּ֙	『L70421』	『4c.verb.qal.perf.p2.f.sg』
271805	עָשִׂית֙	『L70036』	『4c.verb.qal.perf.p2.f.sg』
271876	עָשִׂ֑ית	『L70036』	『4c.verb.qal.perf.p2.f.sg』
271957	אֲחֹותַ֔יִךְ	『L70323』	『4c.subs.f.pl.a.prs.p2.f.sg』
271962	עָשִֽׂית	『L70036』	『4c.verb.qal.perf.p2.f.sg』
271993	שְׁב֤וּת	『L73435』	『4c.subs.f.sg.c』
271999	שְׁב֥וּת	『L73435』	『4c.subs.f.sg.c』
272003	וּ	『L70008』	『4c.conj』
272004	שְׁב֥וּת	『L73435』	『4c.subs.f.sg.c』
272087	וְ	『L70008』	『4c.conj』
272088	עָשִׂ֥יתִי	『L70036』	『4c.verb.qal.perf.p1.u.sg』
272593	מִבְרָחָ֤יו	『L76260』	『4c.subs.m.pl.a.prs.p3.m.sg』
273076	הָ	『L70006』	『4c.art』
273077	רָשָׁ֖ע	『L70863』	『4c.subs.m.sg.a』
273087	חַטֹּאתָיו֙	『L70281』	『4c.subs.f.pl.a.prs.p3.m.sg』
273153	צִדְקֹתָ֤יו	『L70753』	『4c.subs.f.pl.a.prs.p3.m.sg』
273223	וַ	『L70008』	『4c.conj』
273224	יָּ֔שָׁב	『L70243』	『4c.verb.qal.wayq.p3.m.sg』
275012	כִּ	『L70092』	『4c.prep』
275013	קְסָם	『L73325』	『4c.verb.qal.infc.u.u.u.c』
275464	לְ	『L70028』	『4c.prep』
275465	סִ֑יג	『L75132』	『4c.subs.m.sg.a』
275920	כַשְׂדִּ֔ים	『L70607』	『4c.nmpr.m.pl.a』
275942	וַ	『L70008』	『4c.conj』
275943	תַּעְגְּבָ֥ה	『L75885』	『4c.verb.qal.wayq.p3.f.sg』
276427	סָבָאִ֖ים	『L76304』	『4c.subs.m.pl.a』
276446	עַתָּ֛ה	『L70249』	『4c.advb』
276447	יִזְנ֥וּ	『L71384』	『4c.verb.qal.impf.p3.m.pl』
276579	כְּתָב	『L72118』	『4c.verb.qal.impv.p2.m.sg』
277181	לְ	『L70028』	『4c.prep』
277182	בַז֙	『L72877』	『4c.subs.m.sg.a』
277235	וְ	『L70008』	『4c.conj』
277236	קִרְיָתָֽיְמָה	『L70694』	『4c.nmpr.u.sg.a』
277843	הַ	『L70006』	『4c.conj』
277844	יֹּשֶׁ֨בֶת֙	『L70299』	『4c.verb.qal.ptca.u.f.sg.a』
277899	כִּתִּיִּֽים	『L70497』	『4c.nmpr.m.pl.a』
278037	וְ	『L70008』	『4c.conj』
278038	הָבְנִ֔ים	『L76338』	『4c.subs.m.pl.a』
278411	מִ	『L70038』	『4c.prep』
278412	דָּֽנִיאֵ֑ל	『L76226』	『4c.nmpr.m.sg.a』
278896	חַחִים֙	『L72435』	『4c.subs.m.pl.a』
278968	בַ	『L70001』	『4c.prep』
278969		『L70006』	『4c.art』
278970	כַּף֙	『L70436』	『4c.subs.f.sg.a』
279557	תָּחוּל֙	『L74122』	『4c.verb.qal.impf.p3.f.sg』
279860	פֹארֹתָ֛יו	『L76255』	『4c.subs.f.pl.a.prs.p3.m.sg』
280172	הֲמֹונֹ֔ו	『L70806』	『4c.subs.m.sg.a.prs.p3.m.sg』
280761	הֲמֹונֹ֑ו	『L70806』	『4c.subs.m.sg.a.prs.p3.m.sg』
280774	חִתִּיתִ֖י	『L76322』	『4c.subs.f.sg.a.prs.p1.u.sg』
280789	הֲמֹונֹ֔ו	『L70806』	『4c.subs.m.sg.a.prs.p3.m.sg』
281100	צִדְקֹתָיו֙	『L70753』	『4c.subs.f.pl.a.prs.p3.m.sg』
281146	חַטֹּאתָיו֙	『L70281』	『4c.subs.f.pl.a.prs.p3.m.sg』
282292	תָשֹׁ֑בְנָה	『L70243』	『4c.verb.qal.impf.p3.f.pl』
282357	שָׁמֵ֑מוּ	『L72723』	『4c.verb.qal.perf.p3.u.pl』
282713	אָ֑תְּ	『L70633』	『4c.prps.p2.f.sg』
282716	גֹּויַ֖יִךְ	『L70500』	『4c.subs.m.pl.a.prs.p2.f.sg』
282723	וְ	『L70008』	『4c.conj』
282724	גֹויַ֖יִךְ	『L70500』	『4c.subs.m.pl.a.prs.p2.f.sg』
282726	תְשַׁכְּלִי	『L71183』	『4c.verb.piel.impf.p2.f.sg』
282745	וְ	『L70008』	『4c.conj』
282746	גֹויַ֨יִךְ֙	『L70500』	『4c.subs.m.pl.a.prs.p2.f.sg』
283517	חֲבֵרָ֑יו	『L74110』	『4c.subs.m.pl.a.prs.p3.m.sg』
283533	חֲבֵרָֽיו	『L74110』	『4c.subs.m.pl.a.prs.p3.m.sg』
283585	חֲבֵרָ֑יו	『L74110』	『4c.subs.m.pl.a.prs.p3.m.sg』
283666	יִֽהְיוּ	『L70010』	『4c.verb.qal.impf.p3.m.pl』
284583	הֲמֹונֹ֔ו	『L70806』	『4c.subs.m.sg.a.prs.p3.m.sg』
284849	שְׁב֣וּת	『L73435』	『4c.subs.f.sg.c』
285110	בְּ	『L70001』	『4c.prep』
285111	מַֽעֲלֹותָ֑יו	『L72150』	『4c.subs.f.pl.a.prs.p3.m.sg』
285177	וְ	『L70008』	『4c.conj』
285178	אֵילָ֖יו	『L74715』	『4c.subs.m.pl.a.prs.p3.m.sg』
285297	הָֽ	『L70006』	『4c.art』
285298	אִיתֹ֔ון	『L76409』	『4c.adjv.m.sg.a』
285421	וְ	『L70008』	『4c.conj』
285422	תָאָ֗יו	『L74804』	『4c.subs.m.pl.a.prs.p3.m.sg』
285430	וְ	『L70008』	『4c.conj』
285431	אֵילָ֤יו	『L74715』	『4c.subs.m.pl.a.prs.p3.m.sg』
285432	וְ	『L70008』	『4c.conj』
285433	אֵֽלַמָּיו֙	『L74693』	『4c.subs.m.pl.a.prs.p3.m.sg』
285452	וְ	『L70008』	『4c.conj』
285453	חַלֹּונָ֤יו	『L70430』	『4c.subs.m.pl.a.prs.p3.m.sg』
285454	וְ	『L70008』	『4c.conj』
285455	אֵֽלַמָּיו֙	『L74693』	『4c.subs.m.pl.a.prs.p3.m.sg』
285456	וְ	『L70008』	『4c.conj』
285457	תִ֣מֹרָ֔יו	『L74713』	『4c.subs.f.pl.a.prs.p3.m.sg』
285473	וְ	『L70008』	『4c.conj』
285474	אֵֽילַמָּ֖יו	『L74693』	『4c.subs.m.pl.a.prs.p3.m.sg』
285515	אֵילָיו֙	『L74715』	『4c.subs.m.pl.a.prs.p3.m.sg』
285516	וְ	『L70008』	『4c.conj』
285517	אֵ֣ילַמָּ֔יו	『L74693』	『4c.subs.m.pl.a.prs.p3.m.sg』
285526	וּ	『L70008』	『4c.conj』
285527	לְ	『L70028』	『4c.prep』
285528	אֵֽילַמָּיו֙	『L74693』	『4c.subs.m.pl.a.prs.p3.m.sg』
285548	עֹֽלֹותָ֔יו	『L70123』	『4c.verb.qal.ptca.u.f.pl.a.prs.p3.m.sg』
285549	וְ	『L70008』	『4c.conj』
285550	אֵֽלַמָּ֖יו	『L74693』	『4c.subs.m.pl.a.prs.p3.m.sg』
285564	אֵילָֽיו	『L74715』	『4c.subs.m.pl.a.prs.p3.m.sg』
285609	וְ	『L70008』	『4c.conj』
285610	תָאָ֞יו	『L74804』	『4c.subs.m.pl.a.prs.p3.m.sg』
285611	וְ	『L70008』	『4c.conj』
285612	אֵילָ֤יו	『L74715』	『4c.subs.m.pl.a.prs.p3.m.sg』
285613	וְ	『L70008』	『4c.conj』
285614	אֵֽלַמָּיו֙	『L74693』	『4c.subs.m.pl.a.prs.p3.m.sg』
285623	וּ	『L70008』	『4c.conj』
285624	לְ	『L70028』	『4c.prep』
285625	אֵלַמָּ֖יו	『L74693』	『4c.subs.m.pl.a.prs.p3.m.sg』
285650	וְ	『L70008』	『4c.conj』
285651	אֵלַמָּ֗יו	『L74693』	『4c.subs.m.pl.a.prs.p3.m.sg』
285659	אֵילָ֑יו	『L74715』	『4c.subs.m.pl.a.prs.p3.m.sg』
285663	מַעֲלָֽיו	『L73559』	『4c.subs.m.pl.a.prs.p3.m.sg』
285684	וְ	『L70008』	『4c.conj』
285685	תָאָ֞יו	『L74804』	『4c.subs.m.pl.a.prs.p3.m.sg』
285686	וְ	『L70008』	『4c.conj』
285687	אֵלָ֤יו	『L74715』	『4c.subs.m.pl.a.prs.p3.m.sg』
285688	וְ	『L70008』	『4c.conj』
285689	אֵֽלַמָּיו֙	『L74693』	『4c.subs.m.pl.a.prs.p3.m.sg』
285698	וּ	『L70008』	『4c.conj』
285699	לְ	『L70028』	『4c.prep』
285700	אֵלַמָּ֖יו	『L74693』	『4c.subs.m.pl.a.prs.p3.m.sg』
285712	וְ	『L70008』	『4c.conj』
285713	אֵלַמָּ֗יו	『L74693』	『4c.subs.m.pl.a.prs.p3.m.sg』
285722	אֵלָ֖יו	『L74715』	『4c.subs.m.pl.a.prs.p3.m.sg』
285731	מַעֲלָֽיו	『L73559』	『4c.subs.m.pl.a.prs.p3.m.sg』
285745	תָּאָיו֙	『L74804』	『4c.subs.m.pl.a.prs.p3.m.sg』
285746	אֵלָ֣יו	『L74715』	『4c.subs.m.pl.a.prs.p3.m.sg』
285747	וְ	『L70008』	『4c.conj』
285748	אֵֽלַמָּ֔יו	『L74693』	『4c.subs.m.pl.a.prs.p3.m.sg』
285763	וְ	『L70008』	『4c.conj』
285764	אֵילָ֗יו	『L74715』	『4c.subs.m.pl.a.prs.p3.m.sg』
285773	אֵילָ֖יו	『L74715』	『4c.subs.m.pl.a.prs.p3.m.sg』
285782	מַעֲלָֽיו	『L73559』	『4c.subs.m.pl.a.prs.p3.m.sg』
286286	מוּסְדֹ֤ות	『L75596』	『4c.subs.f.pl.c』
286428	וְ	『L70008』	『4c.conj』
286429	אַתִּיקֶ֛יהָא	『L76415』	『4c.subs.m.pl.a.prs.p3.f.sg』
286854	וּ	『L70008』	『4c.conj』
286855	מִ	『L70038』	『4c.prep』
286856	תַּ֖חַת	『L70039』	『4c.subs.m.sg.c』
286857	הַ	『L70006』	『4c.art』
286858	לְּשָׁכֹ֣ות	『L74200』	『4c.subs.f.pl.a』
286861	הַ	『L70006』	『4c.art』
286862	מֵּבִיא֙	『L70172』	『4c.subs.hif.ptca.u.m.sg.a』
287015	וְ	『L70008』	『4c.conj』
287016	לָבְשׁוּ֙	『L70247』	『4c.verb.qal.perf.p3.u.pl』
287057	מֵאֹ֥ות	『L70340』	『4c.subs.f.pl.a』
287352	צֽוּרֹתָ֡יו	『L76421』	『4c.subs.f.pl.a.prs.p3.m.sg』
287359	צ֨וּרֹתָ֤יו	『L76421』	『4c.subs.f.pl.a.prs.p3.m.sg』
287362	תֹּורֹתָיו֙	『L71117』	『4c.subs.f.pl.a.prs.p3.m.sg』
287470	וּ	『L70008』	『4c.conj』
287471	מֵ	『L70038』	『4c.prep』
287472	הָ	『L70006』	『4c.art』
287473	אֲרִיאֵ֣ל	『L76425』	『4c.subs.m.sg.a』
287480	וְ	『L70008』	『4c.conj』
287481	הָ	『L70006』	『4c.art』
287482	אֲרִיאֵ֗ל	『L76425』	『4c.subs.m.sg.a』
287703	יָדָֽיו	『L70251』	『4c.subs.u.du.a.prs.p3.m.sg』
287783	לֶ	『L70028』	『4c.prep』
287784	אֱכָל	『L70167』	『4c.verb.qal.infc.u.u.u.c』
287853	תֹּֽורֹתָ֑יו	『L71117』	『4c.subs.f.pl.a.prs.p3.m.sg』
288279	לְ	『L70028』	『4c.prep』
288280	מִשְׁפָּ֔ט	『L70855』	『4c.subs.m.sg.a』
288283	יִשְׁפְּטֻ֑הוּ	『L70791』	『4c.verb.qal.impf.p3.m.pl.prs.p3.m.sg』
288494	חֲמִשָּׁ֤ה	『L70345』	『4c.subs.f.sg.a』
288548	וְֽ	『L70008』	『4c.conj』
288549	הָיָ֡ה	『L70010』	『4c.verb.qal.perf.p3.m.sg』
289293	יֵצֵֽא	『L70056』	『4c.verb.qal.impf.p3.m.sg』
289431	יַעֲשׂ֨וּ	『L70036』	『4c.verb.qal.impf.p3.m.pl』
289551	בַּ	『L70001』	『4c.prep』
289552		『L70006』	『4c.art』
289553	יַּרְכָתַ֖יִם	『L71766』	『4c.subs.f.du.a』
289845	וְ	『L70008』	『4c.conj』
289846	נִרְפּ֥וּ	『L71879』	『4c.verb.nif.perf.p3.u.pl』
289888	עָמְד֨וּ	『L70841』	『4c.verb.qal.perf.p3.u.pl』
289912	בִּצֹּאתָ֧יו	『L76441』	『4c.subs.f.pl.a.prs.p3.m.sg』
289953	וְ	『L70008』	『4c.conj』
289954	הָיָ֤ה	『L70010』	『4c.verb.qal.perf.p3.m.sg』
290463	יַעֲבִ֖יר	『L70422』	『4c.verb.hif.impf.p3.m.sg』
290499	בְּ	『L70001』	『4c.prep』
290500	תֹוכֹֽו	『L70035』	『4c.subs.m.sg.a.prs.p3.m.sg』
290514	חֲמֵ֥שׁ	『L70345』	『4c.subs.u.sg.c』
290588	תְבֽוּאָתֹו֙	『L71721』	『4c.subs.f.sg.a.prs.p3.m.sg』
290683	בְּ	『L70001』	『4c.prep』
290684	תֹוכֹֽו	『L70035』	『4c.subs.m.sg.a.prs.p3.m.sg』
292350	שַׁעֲרֽוּרִיָּ֑ה	『L75986』	『4c.subs.f.sg.a』
292741	אֶ֨כְתָּב	『L72118』	『4c.verb.qal.impf.p1.u.sg』
292743	רֻבֵּ֖י	『L70796』	『4c.subs.m.pl.c』
293039	בַֽל	『L75343』	『4c.nega』
293218	עֹונֹתָֽם	『L70292』	『4c.subs.m.pl.a.prs.p3.m.pl』
295014	אָשִׁ֛יב	『L70243』	『4c.verb.hif.impf.p1.u.sg』
297571	עֲנִיֵּי	『L72188』	『4c.subs.m.pl.c』
297646	וְ	『L70008』	『4c.conj』
297647	נִשְׁקְעָ֖ה	『L72810』	『4c.verb.nif.perf.p3.f.sg』
297937	מַעֲלֹותָ֔יו	『L72150』	『4c.subs.f.pl.a.prs.p3.m.sg』
298327	שְׁעָרָ֗יו	『L70870』	『4c.subs.m.pl.a.prs.p3.m.sg』
299589	בָּ֥מֳתֵי	『L72725』	『4c.subs.f.pl.c』
299686	שֹׁולָ֖ל	『L76578』	『4c.advb.m.sg.a』
299724	הִתְפַּלָּֽשִׁי	『L75903』	『4c.verb.hit.impv.p2.f.sg』
300071	רָ֑ע	『L70141』	『4c.subs.m.sg.a』
301463	וּ	『L70008』	『4c.conj』
301464	גְדָל	『L70064』	『4c.adjv.m.sg.c』
301658	לַֽ	『L70028』	『4c.prep』
301659	עֲבָר	『L70422』	『4c.verb.qal.infc.u.u.u.a』
301731	בַּ	『L70001』	『4c.prep』
301732	הֲלִֽיכָתָ֑ם	『L76614』	『4c.subs.f.sg.a.prs.p3.m.pl』
301915	וְ	『L70008』	『4c.conj』
301916	כָשְׁל֖וּ	『L72733』	『4c.verb.qal.perf.p3.u.pl』
302855	עֻזֹּֽו	『L72058』	『4c.subs.m.sg.a.prs.p3.m.sg』
302977	פְּרָזָ֔יו	『L76650』	『4c.subs.m.pl.a.prs.p3.m.sg』
303585	שְׁבִיתָֽם	『L73435』	『4c.subs.f.sg.a.prs.p3.m.pl』
303633	גֹּויִ֖י	『L70500』	『4c.subs.m.sg.a』
304261	וְ	『L70008』	『4c.conj』
304262	אֶכָּבְדָ֖ה	『L70857』	『4c.verb.nif.impf.p1.u.sg』
305060	וּ	『L70008』	『4c.conj』
305061	מַֽעַלְלֵיכֶ֖ם	『L73387』	『4c.subs.m.pl.a.prs.p2.m.pl』
305330	וְ	『L70008』	『4c.conj』
305331	קָ֥ו	『L74731』	『4c.subs.m.sg.a』
305492	אֵלָ֔יו	『L70043』	『4c.prep.prs.p3.m.sg』
305905	וָ	『L70008』	『4c.conj』
305906	אֹמַ֡ר	『L70020』	『4c.verb.qal.wayq.p1.u.sg』
308045	הַ	『L70006』	『4c.art』
308046	בָּצִֽיר	『L76706』	『4c.subs.u.sg.a』
308944	תִּשָּׁכַ֑בְנָה	『L70878』	『4c.verb.nif.impf.p3.f.pl』
309060	וְ	『L70008』	『4c.conj』
309061	קִפָּאֹֽון	『L76717』	『4c.subs.m.sg.a』
311114	הַיְשַׁ֖ר	『L72979』	『4c.verb.hif.impv.p2.m.sg』
311203	וְ	『L70008』	『4c.conj』
311204	אַתָּ֥ה	『L70219』	『4c.prps.p2.m.sg』
311683	עֲנָוִֽים	『L72835』	『4c.subs.m.pl.a』
311742	עֲ֝נִיִּ֗ים	『L72188』	『4c.subs.m.pl.a』
311807	דְרָכָ֨יו	『L70260』	『4c.subs.m.pl.a.prs.p3.m.sg』
311875	יִדְכֶּ֥ה	『L76749』	『4c.verb.qal.impf.p3.m.sg』
311881	חֵ֣יל	『L71377』	『4c.subs.m.sg.c』
311882	כָּאִֽים	『L76750』	『4c.subs.m.pl.a』
311901	עֲנָוִֽים	『L72835』	『4c.subs.m.pl.a』
311982	נ֝֗וּדִי	『L70291』	『4c.verb.qal.impv.p2.f.sg』
312581	סְבָב֑וּנוּ	『L70149』	『4c.verb.qal.perf.p3.u.pl.prs.p1.u.pl』
312623	וּֽ	『L70008』	『4c.conj』
312624	צְפוּנְךָ֮	『L71830』	『4c.subs.qal.ptcp.u.m.sg.a.prs.p2.m.sg』
313158	מַגְדִּיל֮	『L70615』	『4c.verb.hif.ptca.u.m.sg.a』
314024	דֹּרְשָׁ֑יו	『L70463』	『4c.subs.qal.ptca.u.m.pl.a.prs.p3.m.sg』
314294	צָרְפָ֖ה	『L73993』	『4c.verb.qal.impv.p2.m.sg』
314840	מִ	『L70038』	『4c.prep』
314841	יָּֽרְדִי	『L70592』	『4c.verb.qal.infc.u.u.u.a.prs.p1.u.sg』
316816	רָֽדְפִי	『L70717』	『4c.verb.qal.infc.u.u.u.a.prs.p1.u.sg』
316833	לִֽ	『L70028』	『4c.prep』
316834	ידוּת֗וּן	『L76805』	『4c.subs.u.sg.a』
317243	וְ	『L70008』	『4c.conj』
317244	אֻשַּׁ֣ר	『L71231』	『4c.verb.pual.perf.p3.m.sg』
317493	שִׁירֹ֣ו	『L71294』	『4c.subs.m.sg.a.prs.p3.m.sg』
318570	וְ֭	『L70008』	『4c.conj』
318571	צוּרָם	『L72111』	『4c.subs.m.sg.a.prs.p3.m.pl』
318891	הֶ֭רֶב	『L70083』	『4c.verb.hif.impv.p2.m.sg』
319331	יָשִׁ֣יב	『L70243』	『4c.verb.hif.impf.p3.m.sg』
319509	יַשִּׁ֤י	『L70223』	『4c.verb.hif.impf.p3.m.sg』
319510	מָ֨וֶת	『L70947』	『4c.subs.m.sg.a』
319685	יִצְפֹּ֗ונוּ	『L71830』	『4c.verb.qal.impf.p3.m.pl』
319975	חִ֝צָּ֗יו	『L71790』	『4c.subs.m.pl.a.prs.p3.m.sg』
320137	חַסְדִּ֣י	『L70897』	『4c.subs.m.sg.a.prs.p1.u.sg』
320201	יְנִיע֣וּן	『L70290』	『4c.verb.hif.impf.p3.m.pl』
320302	וַ	『L70008』	『4c.conj』
320303	עֲנֵֽנִי	『L70866』	『4c.verb.qal.impv.p2.m.sg.prs.p1.u.sg』
321030	יָר֖וּמוּ	『L70413』	『4c.verb.qal.impf.p3.m.pl』
322172	חֽוּשָׁה	『L73116』	『4c.verb.qal.impv.p2.m.sg』
322251	הִרְאִיתַ֨נִי	『L70022』	『4c.verb.hif.perf.p2.m.sg.prs.p1.u.sg』
322257	תְּחַיֵּ֑ינִי	『L70252』	『4c.verb.piel.impf.p2.m.sg.prs.p1.u.sg』
322490	יִנֹּ֪ון	『L76899』	『4c.verb.nif.impf.p3.m.sg』
322543	נָטָ֣יוּ	『L70624』	『4c.verb.qal.perf.p3.u.pl』
322547	שֻׁפְּכ֥וּ	『L70464』	『4c.verb.pual.perf.p3.u.pl』
322609	יָשׁ֣וּב	『L70243』	『4c.verb.qal.impf.p3.m.sg』
322669	ה֣וּא	『L70148』	『4c.prps.p3.m.sg』
322836	וְ֭	『L70008』	『4c.conj』
322837	עַתָּה	『L70249』	『4c.advb』
322897	חֵֽיקְךָ֣	『L70790』	『4c.subs.m.sg.a.prs.p2.m.sg』
323259	יְדוּת֗וּן	『L76805』	『4c.subs.u.sg.a』
323360	אֶזְכֹּ֥ור	『L70421』	『4c.verb.qal.impf.p1.u.sg』
323441	וּֽ֭	『L70008』	『4c.conj』
323442	שְׁבִֽילְךָ	『L75988』	『4c.subs.m.sg.a.prs.p2.m.sg』
324359	בַּ	『L70001』	『4c.prep』
324360		『L70006』	『4c.art』
324361	גֹּויִ֣ם	『L70500』	『4c.subs.m.pl.a』
325161	שְׁבִ֣ית	『L72939』	『4c.subs.f.sg.c』
325900	תָּר֥וּם	『L70413』	『4c.verb.qal.impf.p3.f.sg』
325997	אֶשְׁמָר	『L70165』	『4c.verb.qal.impf.p1.u.sg』
326303	שַׁתָּ֣ה	『L70227』	『4c.verb.qal.perf.p2.m.sg』
326706	עַוְלָ֥תָה	『L74402』	『4c.subs.f.sg.a』
327589	וְ	『L70008』	『4c.conj』
327590	לֹ֣ו	『L70028』	『4c.prep.prs.p3.m.sg』
327663	מְלָשְׁנִ֬י	『L76951』	『4c.verb.piel.ptca.u.m.sg.a』
327952	כֹּחִ֗י	『L70289』	『4c.subs.m.sg.a.prs.p1.u.sg』
328731	רַגְלֹ֑ו	『L70437』	『4c.subs.f.sg.a.prs.p3.m.sg』
328819	דְּבָרֹֽו	『L70580』	『4c.subs.m.sg.a.prs.p3.m.sg』
329409	חֲסָדָֽיו	『L70897』	『4c.subs.m.pl.a.prs.p3.m.sg』
331913	וְ֝	『L70008』	『4c.conj』
331914	יֹדְעֵ֗י	『L70198』	『4c.verb.qal.ptca.u.m.pl.c』
332434	לִ	『L70028』	『4c.prep』
332435	דְבָרְךָ֥	『L70580』	『4c.subs.m.sg.a.prs.p2.m.sg』
332538	וּ֝	『L70008』	『4c.conj』
332539	מִ	『L70038』	『4c.prep』
332540	דְּבָרְךָ֗	『L70580』	『4c.subs.m.sg.a.prs.p2.m.sg』
332916	לִ	『L70028』	『4c.prep』
332917	גְאֵ֥י	『L75149』	『4c.subs.m.pl.c』
332918	יֹונִֽים	『L72185』	『4c.subs.qal.ptca.u.m.pl.a』
333103	שְׁבִיתֵ֑נוּ	『L73435』	『4c.subs.f.sg.a.prs.p1.u.pl』
333284	לְ	『L70028』	『4c.prep』
333285	מַעֲנִיתָֽם	『L76997』	『4c.subs.f.sg.a.prs.p3.m.pl』
334390	פְּלִ֣יאָֽה	『L74056』	『4c.adjv.f.sg.a』
334497	וְ	『L70008』	『4c.conj』
334498	לֹ֖ו	『L70028』	『4c.prep.prs.p3.m.sg』
334667	יְכַסֵּֽימֹו	『L70415』	『4c.verb.piel.impf.p3.m.sg.prs.p3.m.pl』
334668	יִמֹּ֥וטוּ	『L72701』	『4c.verb.nif.impf.p3.m.pl』
334692	יָדַ֗עְתִּי	『L70198』	『4c.verb.qal.perf.p1.u.sg』
335292	וּ	『L70008』	『4c.conj』
335293	גְדוּלָּתְךָ֥	『L74442』	『4c.subs.f.sg.a.prs.p2.m.sg』
335719	דְּבָרָ֣יו	『L70580』	『4c.subs.m.pl.a.prs.p3.m.sg』
335756	צְבָאָֽיו	『L70106』	『4c.subs.m.pl.a.prs.p3.m.sg』
336100	אַחְיֹֽותֵיהֶ֔ם	『L70323』	『4c.subs.f.pl.a.prs.p3.m.pl』
336235	אַ֠תָּה	『L70219』	『4c.prps.p2.m.sg』
336495	יָצָ֜אתִי	『L70056』	『4c.verb.qal.perf.p1.u.sg』
336681	וְ	『L70008』	『4c.conj』
336682	עַ֥ד	『L70242』	『4c.prep』
337471	וְ	『L70008』	『4c.conj』
337472	יָדָ֥יו	『L70251』	『4c.subs.u.du.a.prs.p3.m.sg』
337583	וְ֝	『L70008』	『4c.conj』
337584	הַוָּתִ֗י	『L76735』	『4c.subs.f.sg.a.prs.p1.u.sg』
337758	לֹ֑ו	『L70028』	『4c.prep.prs.p3.m.sg』
337834	וְ	『L70008』	『4c.conj』
337835	שֻֽׁבוּ	『L70243』	『4c.verb.qal.impv.p2.m.pl』
337854	עֲלֵי	『L70014』	『4c.prep』
337897	וְ	『L70008』	『4c.conj』
337898	ג֣וּשׁ	『L77060』	『4c.subs.m.sg.c』
338389	תַּחְתָּ֥יו	『L70039』	『4c.prep.m.pl.a.prs.p3.m.sg』
338530	בְ	『L70001』	『4c.prep』
338531	מֵי	『L70019』	『4c.subs.m.pl.c』
338779	וַ	『L70008』	『4c.conj』
338780	חֲדָ֑ל	『L70597』	『4c.verb.qal.impv.p2.m.sg』
338781	וְ	『L70008』	『4c.conj』
338782	שִׁ֥ית	『L70227』	『4c.verb.qal.impv.p2.m.sg』
339384	לֹ֣ו	『L70028』	『4c.prep.prs.p3.m.sg』
339556	חֻקָּ֥יו	『L71719』	『4c.subs.m.pl.a.prs.p3.m.sg』
339869	בִּ֭	『L70001』	『4c.prep』
339870	קְדֹשָׁיו	『L72130』	『4c.subs.m.pl.a.prs.p3.m.sg』
339944	וְ	『L70008』	『4c.conj』
339945	צָפ֖וּי	『L71321』	『4c.verb.qal.ptcp.u.m.sg.a』
340039	בַּ	『L70001』	『4c.prep』
340040		『L70006』	『4c.art』
340041	שָּׁ֣יו	『L72142』	『4c.subs.m.sg.a』
340239	חֳ֭מַרְמְרוּ	『L77107』	『4c.verb.piel.perf.p3.u.pl』
340908	שַׁדּֽוּן	『L77126』	『4c.subs.u.sg.a』
341002	עֲלוּמָ֑יו	『L75785』	『4c.subs.m.pl.a.prs.p3.m.sg』
341277	יְכַלּ֣וּ	『L70105』	『4c.verb.piel.impf.p3.m.pl』
341352	עֵינָ֣יו	『L70200』	『4c.subs.f.du.a.prs.p3.m.sg』
341925	וְ֝	『L70008』	『4c.conj』
341926	יֹדְעָ֗יו	『L70198』	『4c.subs.qal.ptca.u.m.pl.a.prs.p3.m.sg』
341972	יִקְצֹ֑ורוּ	『L72624』	『4c.verb.qal.impf.p3.m.pl』
342342	וּ֝	『L70008』	『4c.conj』
342343	בִ	『L70001』	『4c.prep』
342344	תְבוּנָתֹ֗ו	『L72398』	『4c.subs.f.sg.a.prs.p3.m.sg』
342358	דְּרָכָ֗יו	『L70260』	『4c.subs.m.pl.a.prs.p3.m.sg』
342367	גְּ֝בוּרֹתָ֗יו	『L72411』	『4c.subs.f.pl.a.prs.p3.m.sg』
342502	שְׂ֭רִידָיו	『L72948』	『4c.subs.m.pl.a.prs.p3.m.sg』
343200	יִתְרִ֣י	『L74081』	『4c.subs.m.sg.a.prs.p1.u.sg』
343308	תּוּשִׁיָּֽה	『L75541』	『4c.subs.f.sg.a』
343498	הִ֥יא	『L70152』	『4c.prps.p3.f.sg』
343500	וְ֝	『L70008』	『4c.conj』
343501	ה֗וּא	『L70148』	『4c.prps.p3.m.sg』
343593	חֲלָצָ֑יו	『L71393』	『4c.subs.f.du.a.prs.p3.m.sg』
344214	וְ	『L70008』	『4c.conj』
344215	רֹ֖וב	『L70796』	『4c.subs.m.sg.c』
344230	וְ	『L70008』	『4c.conj』
344231	שֻׁפּ֥וּ	『L75309』	『4c.verb.pual.perf.p3.u.pl』
344306	נַ֭פְשֹׁו	『L70073』	『4c.subs.f.sg.a.prs.p3.m.sg』
344312	וְ֝	『L70008』	『4c.conj』
344313	חַיָּתֹו	『L75797』	『4c.subs.f.sg.a.prs.p3.m.sg』
345311	בְּ	『L70001』	『4c.prep』
345312	תַחְבּוּלֹתָ֣יו	『L77206』	『4c.subs.f.pl.a.prs.p3.m.sg』
345441	מִ֥ן	『L70038』	『4c.prep』
345442	הַ	『L70006』	『4c.art』
345443	סְּעָרָ֗ה	『L74880』	『4c.subs.f.sg.a』
345546	יִדַּ֖עְתָּ	『L70198』	『4c.verb.piel.perf.p2.m.sg』
345547	הַ	『L70006』	『4c.art』
345548	שַּׁ֣חַר	『L70891』	『4c.subs.m.sg.a』
345829	יְ֭לָדָיו	『L70328』	『4c.subs.m.pl.a.prs.p3.m.sg』
345933	יָשִׁ֣יב	『L70243』	『4c.verb.hif.impf.p3.m.sg』
346082	כְּנָפָ֣יו	『L70080』	『4c.subs.f.du.a.prs.p3.m.sg』
346112	וְ	『L70008』	『4c.conj』
346113	אֶפְרֹחָ֥יו	『L73343』	『4c.subs.m.pl.a.prs.p3.m.sg』
346167	מִ֥ן	『L70038』	『4c.prep』
346168	סְעָרָ֗ה	『L74880』	『4c.subs.f.sg.a』
346269	פַחֲדָ֣יו	『L77236』	『4c.subs.m.pl.a.prs.p3.m.sg』
346426	לֹֽו	『L70028』	『4c.prep.prs.p3.m.sg』
346623	יָ֭דַעְתִּי	『L70198』	『4c.verb.qal.perf.p1.u.sg』
346776	שְׁב֣וּת	『L73435』	『4c.subs.f.sg.c』
346799	אַחְיֹותָ֜יו	『L70323』	『4c.subs.f.pl.a.prs.p3.m.sg』
346915	וַ	『L70008』	『4c.conj』
346916	יִּרְאֶ֗ה	『L70022』	『4c.verb.qal.wayq.p3.m.sg』
347176	כְ	『L70092』	『4c.prep』
347177	שֹׁואָ֨ה	『L75267』	『4c.subs.f.sg.a』
347299	יִצְפֹּ֣ן	『L71830』	『4c.verb.qal.impf.p3.m.sg』
347314	חֲסִידָ֣יו	『L73499』	『4c.subs.m.pl.a.prs.p3.m.sg』
347577	מִ	『L70038』	『4c.prep』
347578	פְּנִינִ֑ים	『L77161』	『4c.subs.m.pl.a』
347694	יָדְךָ֣	『L70251』	『4c.subs.u.sg.a.prs.p2.m.sg』
347699	לְ	『L70028』	『4c.prep』
347700	רֵֽעֲךָ֨	『L70583』	『4c.subs.m.sg.a.prs.p2.m.sg』
347722	תָּרִ֣יב	『L71129』	『4c.verb.qal.impf.p2.m.sg』
347764	וְ֝	『L70008』	『4c.conj』
347765	לַ	『L70028』	『4c.prep』
347766	עֲנָוִ֗ים	『L72835』	『4c.subs.m.pl.a』
347928	יַכְשִֽׁילוּ	『L72733』	『4c.verb.hif.impf.p3.m.pl』
348359	בְּ֭	『L70001』	『4c.prep』
348360	עֵינָיו	『L70200』	『4c.subs.f.du.a.prs.p3.m.sg』
348362	בְּ	『L70001』	『4c.prep』
348363	רַגְלָ֑יו	『L70437』	『4c.subs.f.du.a.prs.p3.m.sg』
348375	מִדְיָנִ֥ים	『L77272』	『4c.subs.m.pl.a』
348393	תֹּועֲבַ֥ת	『L71638』	『4c.subs.f.sg.c』
348987	אֹהֲבַ֣י	『L70964』	『4c.subs.qal.ptca.u.m.pl.a.prs.p1.u.sg』
349161	מָצָ֣א	『L70174』	『4c.verb.qal.perf.p3.m.sg』
349653	יְשָׁדֵּֽם	『L73971』	『4c.verb.qal.impf.p3.m.sg.prs.p3.m.pl』
350038	יָשִׁ֥יב	『L70243』	『4c.verb.hif.impf.p3.m.sg』
350337	הֹלֵ֣ךְ	『L70159』	『4c.verb.qal.ptca.u.m.sg.a』
350340	יֶחְכָּ֑ם	『L71819』	『4c.verb.qal.impf.p3.m.sg』
350581	עֲנָוִ֣ים	『L72835』	『4c.subs.m.pl.a』
350829	וּ	『L70008』	『4c.conj』
350830	פִ֥י	『L70288』	『4c.subs.m.sg.c』
351190	עֲנָוִ֑ים	『L72835』	『4c.subs.m.pl.a』
351270	שְׂ֝פָתֹ֗ו	『L70579』	『4c.subs.f.sg.a.prs.p3.m.sg』
351463	תָמ֥וּשׁ	『L72020』	『4c.verb.qal.impf.p3.f.sg』
351603	יְקַר	『L74160』	『4c.adjv.m.sg.c』
351771	וּ	『L70008』	『4c.conj』
351772	בָֽא	『L70172』	『4c.verb.qal.perf.p3.m.sg』
351789	וּ֝	『L70008』	『4c.conj』
351790	מִדְיָנִ֗ים	『L77272』	『4c.subs.m.pl.a』
351911	לֹו	『L70028』	『4c.prep.prs.p3.m.sg』
351996	יָמֽוּת	『L70168』	『4c.verb.qal.impf.p3.m.sg』
352016	גְּֽדָל	『L70064』	『4c.adjv.m.sg.c』
352159	וְ	『L70008』	『4c.conj』
352160	שָׁאַ֖ל	『L71043』	『4c.verb.qal.perf.p3.m.sg』
352276	נָכְרִיָּ֣ה	『L71283』	『4c.subs.f.sg.a』
352314	בֶּ	『L70001』	『4c.prep』
352315	אֱשׁ֥וּן	『L77319』	『4c.subs.m.sg.c』
352318	מְבֹהֶ֣לֶת	『L71647』	『4c.verb.pual.ptcp.u.f.sg.a』
352400	תַּמְר֣וּק	『L77320』	『4c.subs.m.sg.a』
352595	מִדְיָנִ֣ים	『L77272』	『4c.subs.m.pl.a』
352686	יָבִ֬ין	『L71581』	『4c.verb.qal.impf.p3.m.sg』
352687	דַּרְכֹּֽו	『L70260』	『4c.subs.u.sg.a.prs.p3.m.sg』
352731	וְ	『L70008』	『4c.conj』
352732	נִסְתָּ֑ר	『L70294』	『4c.verb.nif.perf.p3.m.sg』
352781	יִקְצָר	『L72624』	『4c.verb.qal.impf.p3.m.sg』
352809	טְהָר	『L70402』	『4c.adjv.m.sg.c』
352839	יִפָּל	『L70175』	『4c.verb.qal.impf.p3.m.sg』
352896	שָׁלִישִׁ֑ים	『L72025』	『4c.subs.m.pl.a』
352947	אֹֽרְחֹתָ֑יו	『L70844』	『4c.subs.m.pl.a.prs.p3.m.sg』
353015	תִּ֭תְאָיו	『L72813』	『4c.verb.hit.impf.p2.m.sg』
353029	הֲ	『L70220』	『4c.inrg』
353030	תָ֤עִיף	『L70076』	『4c.verb.hif.impf.p2.m.sg』
353042	יָע֥וּף	『L70076』	『4c.verb.qal.impf.p3.m.sg』
353053	תִּ֝תְאָ֗יו	『L72813』	『4c.verb.hit.impf.p2.m.sg』
353227	גִּ֣יל	『L75253』	『4c.advb.qal.infa.u.u.u.a』
353228	יָ֭גִיל	『L75253』	『4c.verb.qal.impf.p3.m.sg』
353231	וְ	『L70008』	『4c.conj』
353232	יֹולֵ֥ד	『L70234』	『4c.subs.qal.ptca.u.m.sg.c』
353234	יִשְׂמַח	『L71875』	『4c.verb.qal.impf.p3.m.sg』
353250	תִּצֹּֽרְנָה	『L72425』	『4c.verb.qal.impf.p3.f.pl』
353277	מִדְיָנִ֨ים	『L77272』	『4c.subs.m.pl.a』
353308	בַּ	『L70001』	『4c.prep』
353309		『L70006』	『4c.art』
353310	כֹּ֣וס	『L71554』	『4c.subs.f.sg.a』
353361	תִּ֝תְאָ֗יו	『L72813』	『4c.verb.hit.impf.p2.m.sg』
353524	אֹֽ֭ויִבְךָ	『L70980』	『4c.subs.qal.ptca.u.m.sg.a.prs.p2.m.sg』
353962	מִ֝דְיָנִ֗ים	『L77272』	『4c.subs.m.pl.a』
354038	לֹ֣ו	『L70028』	『4c.prep.prs.p3.m.sg』
354224	מִ֝דְיָנִ֗ים	『L77272』	『4c.subs.m.pl.a』
354247	בִּ֭	『L70001』	『4c.prep』
354248	שְׂפָתָיו	『L70579』	『4c.subs.f.du.a.prs.p3.m.sg』
354381	וְ	『L70008』	『4c.conj』
354382	רֵ֪עַ	『L70583』	『4c.subs.m.sg.c』
354444	מִ֝דְיָנִ֗ים	『L77272』	『4c.subs.m.pl.a』
354486	וַ֭	『L70008』	『4c.conj』
354487	אֲבַדֹּו	『L77352』	『4c.subs.f.sg.a.prs.p3.m.sg』
354548	וָ	『L70008』	『4c.conj』
354549	דֹֽור	『L70379』	『4c.subs.m.sg.a』
354654	וְ	『L70008』	『4c.conj』
354655	תַרְבִּ֑ית	『L72702』	『4c.subs.f.sg.a』
354736	שֹׂ֥נֵא	『L71052』	『4c.subs.qal.ptca.u.m.sg.c』
355240	אֲדֹנָ֑יו	『L70848』	『4c.subs.m.pl.a.prs.p3.m.sg』
355331	וְ֝	『L70008』	『4c.conj』
355332	אַרְבָּעָ֗ה	『L70144』	『4c.subs.f.sg.a』
355537	אֵ֣י	『L70214』	『4c.inrg』
355649	נָ֣טְעָה	『L70131』	『4c.verb.qal.perf.p3.f.sg』
355664	בַ	『L70001』	『4c.prep』
355665		『L70006』	『4c.art』
355666	לַּ֣יְלָה	『L70030』	『4c.subs.m.sg.a』
355954	יַ֣עַשׂ	『L70036』	『4c.verb.qal.impf.p3.m.sg』
356230	מֹודַ֣ע	『L77273』	『4c.subs.m.sg.a』
356807	שִׂמְלֹתַ֛יִךְ	『L70478』	『4c.subs.f.pl.a.prs.p2.f.sg』
356809	וְ	『L70008』	『4c.conj』
356810	יָרַ֣דְתְּ	『L70592』	『4c.verb.qal.perf.p2.f.sg』
356842	וְ	『L70008』	『4c.conj』
356843	שָׁכָ֑בְתְּ	『L70878』	『4c.verb.qal.perf.p2.f.sg』
356857	אֵלַ֖י	『L70043』	『4c.prep』
356978	כִּ֥י	『L70023』	『4c.conj』
357016	מַרְגְּלֹתָיו֙	『L77385』	『4c.subs.f.pl.a.prs.p3.m.sg』
357022	בְּ	『L70001』	『4c.prep』
357023	טֶ֛רֶם	『L70116』	『4c.subs.u.sg.c』
357092	אֵלַ֔י	『L70043』	『4c.prep』
357205	וְ	『L70008』	『4c.conj』
357206	אֵֽדְעָה֙	『L70198』	『4c.verb.qal.impf.p1.u.sg』
357239	קָנִ֔יתָה	『L71073』	『4c.verb.qal.perf.p2.m.sg』
357253	לִ	『L70028』	『4c.prep』
357254	גְאָל	『L71729』	『4c.verb.qal.infc.u.u.u.a』
357781	רַהִיטֵ֖נוּ	『L77400』	『4c.subs.m.sg.a.prs.p1.u.pl』
357920	הַ	『L70006』	『4c.art』
357921	סְּתָ֖יו	『L77407』	『4c.subs.m.sg.a』
357956	לָ֛ךְ	『L70028』	『4c.prep.prs.p2.f.sg』
358351	בְּ	『L70001』	『4c.prep』
358352	אַחַ֣ת	『L70033』	『4c.subs.f.sg.a』
360687	עֵינֹ֖ו	『L70200』	『4c.subs.f.sg.a.prs.p3.m.sg』
360846	רַגְלְךָ֗	『L70437』	『4c.subs.f.sg.a.prs.p2.m.sg』
361018	ה֑וּא	『L70148』	『4c.prps.p3.m.sg』
361052	רְא֥וּת	『L77475』	『4c.subs.f.sg.c』
361431	שֶׁ	『L70363』	『4c.conj』
361432	תַּקִּ֖יף	『L77477』	『4c.adjv.m.sg.a』
361791	אַתָּ֖ה	『L70219』	『4c.prps.p2.m.sg』
362423	יְחֻבַּ֔ר	『L70683』	『4c.verb.pual.impf.p3.m.sg』
362777	כְּ	『L70092』	『4c.prep』
362778	שֶׁ	『L70363』	『4c.conj』
362779	סָּכָ֥ל	『L75881』	『4c.subs.m.sg.a』
362875	הַכְשֵׁ֖ר	『L77487』	『4c.subs.hif.infa.u.u.u.a』
363020	כְּנָפַ֖יִם	『L70080』	『4c.subs.f.du.a』
363363	יֵרָתֵק֙	『L76625』	『4c.verb.nif.impf.p3.m.sg』
363612	מִ	『L70038』	『4c.prep』
363613	בַּת	『L70343』	『4c.subs.f.sg.c』
363724	מַחֲמַדֵּיהֶ֛ם	『L74852』	『4c.subs.m.pl.a.prs.p3.m.pl』
363864	הָֽ	『L70006』	『4c.art』
363865	עַמִּ֗ים	『L70593』	『4c.subs.m.pl.a』
363987	וְ	『L70008』	『4c.conj』
363988	לֹ֣א	『L70118』	『4c.nega』
364262	שְׁבוּתֵ֑ךְ	『L73435』	『4c.subs.f.sg.a.prs.p2.f.sg』
364362	בַ	『L70001』	『4c.prep』
364363		『L70006』	『4c.art』
364364	לַּ֗יְלָה	『L70030』	『4c.subs.m.sg.a』
364524	אֲרִ֖י	『L72978』	『4c.subs.m.sg.a』
364597	וְ	『L70008』	『4c.conj』
364598	תָשֹׁ֥וחַ	『L75146』	『4c.verb.qal.impf.p3.f.sg』
364633	לְ	『L70028』	『4c.prep』
364634	קֹוָ֔יו	『L71777』	『4c.subs.qal.ptca.u.m.pl.a.prs.p3.m.sg』
364690	חֲסָדָֽיו	『L70897』	『4c.subs.m.pl.a.prs.p3.m.sg』
364746	חֲטָאָֽיו	『L71572』	『4c.subs.m.pl.a.prs.p3.m.sg』
364978	תַּנִּים֙	『L75326』	『4c.subs.m.pl.a』
364987	כַּ	『L70092』	『4c.prep』
364988		『L70006』	『4c.art』
364989	יְעֵנִ֖ים	『L77530』	『4c.subs.m.pl.a』
365115	כֹּ֖ל	『L70078』	『4c.subs.m.sg.c』
365183	וּ	『L70008』	『4c.conj』
365184	זְקֵנִ֖ים	『L70843』	『4c.subs.m.pl.a』
365187	עֹודֵ֨ינוּ֙	『L70331』	『4c.advb.m.pl.a.prs.p1.u.pl』
365248	יֹושֶׁ֖בֶת	『L70299』	『4c.verb.qal.ptca.u.f.sg.a』
365279	הַבִּ֖יטָה	『L70748』	『4c.verb.hif.impv.p2.m.sg』
365293	וְ	『L70008』	『4c.conj』
365294	אֵ֣ין	『L70120』	『4c.nega.m.sg.c』
365311	וְ	『L70008』	『4c.conj』
365312	לֹ֥א	『L70118』	『4c.nega』
365324	וְ	『L70008』	『4c.conj』
365325	אֵינָ֔ם	『L70120』	『4c.nega.m.sg.a.prs.p3.m.pl』
365326	וַ	『L70008』	『4c.conj』
365327	אֲנַ֖חְנוּ	『L70655』	『4c.prps.p1.u.pl』
365439	וְֽ	『L70008』	『4c.conj』
365440	נָשׁ֔וּבָה	『L70243』	『4c.verb.qal.impf.p1.u.pl』
365810	מְמוּכָ֗ן	『L77566』	『4c.nmpr.m.sg.a』
366731	כְּ	『L70092』	『4c.prep』
366732	אָמְרָ֤ם	『L70020』	『4c.verb.qal.infc.u.u.u.a.prs.p3.m.pl』
367194	וַ֠	『L70008』	『4c.conj』
367195	תָּבֹואנָה	『L70172』	『4c.verb.qal.wayq.p3.f.pl』
367286	בַּ	『L70001』	『4c.prep』
367287		『L70006』	『4c.art』
367288	יְּהוּדִ֖ים	『L74989』	『4c.subs.m.pl.a』
368637	הַ	『L70006』	『4c.art』
368638	יְּהוּדִ֑ים	『L74989』	『4c.subs.m.pl.a』
368828	בַּ	『L70001』	『4c.prep』
368829		『L70006』	『4c.art』
368830	יְּהוּדִֽים	『L74989』	『4c.subs.m.pl.a』
369058	הַ	『L70006』	『4c.art』
369059	יְּהוּדִ֤ים	『L74989』	『4c.subs.m.pl.a』
369060	עֲתִידִים֙	『L73485』	『4c.adjv.m.pl.a』
369491	הַ	『L70006』	『4c.art』
369492	יְּהוּדִ֣ים	『L74989』	『4c.subs.m.pl.a』
369573	וְ	『L70008』	『4c.conj』
369574	הַ	『L70006』	『4c.art』
369575	יְּהוּדִ֣ים	『L74989』	『4c.subs.m.pl.a』
369606	הַ	『L70006』	『4c.art』
369607	פְּרָזִ֗ים	『L73228』	『4c.subs.m.pl.a』
369834	וְ	『L70008』	『4c.conj』
369835	קִבְּל֣וּ	『L72263』	『4c.verb.piel.perf.p3.u.pl』
370008	אֲחַשְׁוֵרֹ֧ושׁ	『L77538』	『4c.nmpr.m.sg.a』
370147	מוּם֩	『L72656』	『4c.subs.m.sg.a』
370611	לְ	『L75936』	『4c.prep』
370612	עַבְדָ֖ךְ	『L77634』	『4c.subs.m.pl.a.prs.p2.m.sg』
370620	לְ	『L75936』	『4c.prep』
370621	כַשְׂדָּאֵ֔י	『L77638』	『4c.subs.m.pl.e』
370703	הִזְדְּמִנְתּוּן֙	『L77667』	『4c.verb.htpe.perf.p2.m.pl』
370721	כַשְׂדָּאֵ֤י	『L77638』	『4c.subs.m.pl.e』
370968	וּ	『L75940』	『4c.conj』
370969	נְהֹורָ֖א	『L77732』	『4c.subs.m.sg.e』
371064	הַֽ	『L77748』	『4c.inrg』
371065	אִיתָ֣ךְ	『L77670』	『4c.subs.u.sg.a.prs.p2.m.sg』
371120	אַ֣נְתְּ	『L77757』	『4c.prps.p2.m.sg』
371165	אַ֣נְתְּ	『L77757』	『4c.prps.p2.m.sg』
371206	מִנְּהֵין֙	『L75945』	『4c.prep.prs.p3.f.pl』
371209	וּ	『L75940』	『4c.conj』
371210	מִנְּהֵ֖ין	『L75945』	『4c.prep.prs.p3.f.pl』
371285	אַ֣נְתְּ	『L77757』	『4c.prps.p2.m.sg』
371304	דָֽיְרִ֣ין	『L77800』	『4c.verb.peal.ptca.u.m.pl.a』
371319	אַנְתְּ	『L77757』	『4c.prps.p2.m.sg』
371333	תְלִיתָאָ֤ה	『L77807』	『4c.adjv.f.sg.a』
371344	רְבִ֣יעָאָ֔ה	『L77808』	『4c.adjv.f.sg.a』
371374	מִנְּהֵ֞ין	『L75945』	『4c.prep.prs.p3.f.pl』
371378	וּ	『L75940』	『4c.conj』
371379	מִנְּהֵ֣ין	『L75945』	『4c.prep.prs.p3.f.pl』
371404	מִנְּהֵ֥ין	『L75945』	『4c.prep.prs.p3.f.pl』
371406	וּ	『L75940』	『4c.conj』
371407	מִנְּהֵ֣ין	『L75945』	『4c.prep.prs.p3.f.pl』
371418	וְ	『L75940』	『4c.conj』
371419	דִ֣י	『L75938』	『4c.conj』
371676	וְ	『L75940』	『4c.conj』
371677	קָֽיְמִין֙	『L77725』	『4c.verb.peal.ptca.u.m.pl.a』
371702	קַתְרֹ֨וס	『L77873』	『4c.subs.m.sg.a』
371749	קַתְרֹ֤וס	『L77873』	『4c.subs.m.sg.a』
371794	אַ֣נְתְּ	『L77757』	『4c.prps.p2.m.sg』
371806	קַתְרֹ֨וס	『L77873』	『4c.subs.m.sg.a』
371809	וְ	『L75940』	『4c.conj』
371810	סוּפֹּ֣נְיָ֔ה	『L77876』	『4c.subs.f.sg.a』
371852	עֲלָ֤ךְ	『L77672』	『4c.prep.prs.p2.m.sg』
371855	לֵֽ	『L75936』	『4c.prep』
371856	אלָהָךְ֙	『L75937』	『4c.subs.m.pl.a.prs.p2.m.sg』
371925	קַתְרֹ֣וס	『L77873』	『4c.subs.m.sg.a』
372008	אִיתַ֣נָא	『L77670』	『4c.subs.u.sg.a.prs.p1.u.pl』
372026	אֶשְׁתַּנִּ֔י	『L77669』	『4c.verb.etpa.perf.p3.m.sg』
372075	פַּטְּשֵׁיהֹ֔ון	『L77906』	『4c.subs.m.pl.a.prs.p3.m.pl』
372179	רְֽבִיעָאָ֔ה	『L77808』	『4c.subs.f.sg.a』
372203	עִלָּאָ֖ה	『L77918』	『4c.adjv.m.sg.e』
372278	גֶשְׁמְהֹ֗ון	『L77919』	『4c.subs.m.sg.a.prs.p3.m.pl』
372303	שָׁלוּ֙	『L77925』	『4c.subs.f.sg.a』
372352	דָיְרִ֥ין	『L77800』	『4c.verb.peal.ptca.u.m.pl.a』
372365	עִלָּאָ֑ה	『L77918』	『4c.adjv.m.sg.e』
372427	עָלִּ֗ין	『L77705』	『4c.verb.peal.ptca.u.m.pl.a』
372430	כַּשְׂדָּאֵ֖י	『L77638』	『4c.subs.m.pl.e』
372537	יְדוּרָן֙	『L77800』	『4c.verb.peal.impf.p3.f.pl』
372615	אֲנָשָׁ֣א	『L77671』	『4c.subs.m.sg.e』
372642	עִלָּאָ֜ה	『L77918』	『4c.subs.m.sg.e』
372645	אֲנָשָׁ֗א	『L77671』	『4c.subs.m.sg.e』
372656	עֲלַֽהּ	『L77672』	『4c.prep.prs.p3.m.sg』
372663	וְ	『L75940』	『4c.conj』
372664	אַ֨נְתְּ	『L77757』	『4c.prps.p2.m.sg』
372680	וְ	『L75940』	『4c.conj』
372681	אַ֣נְתְּ	『L77757』	『4c.prps.p2.m.sg』
372714	מָרִ֕י	『L77837』	『4c.subs.m.sg.a.prs.p1.u.sg』
372716	לְ	『L75936』	『4c.prep』
372717	שָֽׂנְאָ֖ךְ	『L77978』	『4c.subs.peal.ptca.u.m.pl.a.prs.p2.m.sg』
372720	לְ	『L75936』	『4c.prep』
372721	עָרָֽךְ	『L77979』	『4c.subs.m.pl.a.prs.p2.m.sg』
372760	אַנְתְּ	『L77757』	『4c.prps.p2.m.sg』
372833	עִלָּאָה֙	『L77918』	『4c.subs.m.sg.e』
372838	מָרִ֥י	『L77837』	『4c.subs.m.sg.a.prs.p1.u.sg』
372867	עֲלָ֑ךְ	『L77672』	『4c.prep.prs.p2.m.sg』
372873	עִלָּאָה֙	『L77918』	『4c.subs.m.sg.e』
372905	עֲלָ֔ךְ	『L77672』	『4c.prep.prs.p2.m.sg』
372906	וַ	『L75940』	『4c.conj』
372907	חֲטָאָךְ֙	『L77987』	『4c.subs.m.pl.a.prs.p2.m.sg』
372996	עֲלָ֑ךְ	『L77672』	『4c.prep.prs.p2.m.sg』
373002	עִלָּאָה֙	『L77918』	『4c.subs.m.sg.e』
373057	וּ	『L75940』	『4c.conj』
373058	לְ	『L75936』	『4c.prep』
373059	עִלָּאָה֙	『L77918』	『4c.subs.m.sg.e』
373080	דָּיְרֵ֤י	『L77800』	『4c.subs.peal.ptca.u.m.pl.c』
373092	וְ	『L75940』	『4c.conj』
373093	דָיְרֵ֖י	『L77800』	『4c.subs.peal.ptca.u.m.pl.c』
373246	נְפַ֨קָה֙	『L77690』	『4c.verb.peal.perf.p3.f.pl』
373295	כַּשְׂדָּאֵ֖י	『L77638』	『4c.subs.m.pl.e』
373317	וְ	『L75940』	『4c.conj』
373318	הַֽמְנִיכָ֤ה	『L78041』	『4c.subs.m.sg.e』
373329	עָֽלִּ֔ין	『L77705』	『4c.verb.peal.ptca.u.m.pl.a』
373339	וּ	『L75940』	『4c.conj』
373340	פִשְׁרֵ֖הּ	『L77635』	『4c.subs.m.sg.a.prs.p3.f.sg』
373367	עַלַּ֑ת	『L77705』	『4c.verb.peal.perf.p3.f.sg』
373463	אַנְתְּ	『L77757』	『4c.prps.p2.m.sg』
373480	עֲלָ֔ךְ	『L77672』	『4c.prep.prs.p2.m.sg』
373518	עֲלָ֔ךְ	『L77672』	『4c.prep.prs.p2.m.sg』
373520	תִכּ֥וּל	『L77674』	『4c.verb.peal.impf.p2.m.sg』
373530	תִּכּ֨וּל	『L77674』	『4c.verb.peal.impf.p2.m.sg』
373540	וְ	『L75940』	『4c.conj』
373541	הַֽמְנִיכָ֤ה	『L78041』	『4c.subs.m.sg.e』
373575	אַ֖נְתְּ	『L77757』	『4c.prps.p2.m.sg』
373578	עִלָּאָ֔ה	『L77918』	『4c.adjv.m.sg.e』
373602	זָיְעִ֥ין	『L78051』	『4c.adjv.peal.ptca.u.m.pl.a』
373657	שַׁוִּ֗יְו	『L77926』	『4c.verb.pael.perf.p3.m.pl』
373678	עִלָּאָה֙	『L77918』	『4c.adjv.m.sg.e』
373688	עֲלַֽהּ	『L77672』	『4c.prep.prs.p3.m.sg』
373689	וְ	『L75940』	『4c.conj』
373690	אַ֤נְתְּ	『L77757』	『4c.prps.p2.m.sg』
373714	קָֽדָמָ֗ךְ	『L77652』	『4c.prep.u.sg.a.prs.p2.m.sg』
373715	וְ	『L75940』	『4c.conj』
373716	אַ֨נְתְּ	『L77757』	『4c.prps.p2.m.sg』
373717	וְ	『L75940』	『4c.conj』
373718	רַבְרְבָנָ֜ךְ	『L78010』	『4c.subs.m.pl.a.prs.p2.m.sg』
373815	וְ	『L75940』	『4c.conj』
373816	הַֽמְנִיכָ֥א	『L78041』	『4c.subs.m.sg.e』
373836	כַשְׂדָּאָֽה	『L77638』	『4c.subs.m.sg.e』
373839	מָֽדָאָ֔ה	『L78069』	『4c.subs.m.sg.e』
374170	עֲלָ֤ךְ	『L77672』	『4c.prep.prs.p2.m.sg』
374261	אַ֤נְתְּ	『L77757』	『4c.prps.p2.m.sg』
374348	אַ֤נְתְּ	『L77757』	『4c.prps.p2.m.sg』
374388	קָֽדָמָךְ֙	『L77652』	『4c.prep.u.sg.a.prs.p2.m.sg』
374470	דָיְרִ֥ין	『L77800』	『4c.verb.peal.ptca.u.m.pl.a』
374486	זָיְעִין֙	『L78051』	『4c.verb.peal.ptca.u.m.pl.a』
374542	פָּרְסָאָֽה	『L78124』	『4c.subs.m.sg.e』
374643	שִׁנַּ֑הּ	『L78136』	『4c.subs.f.sg.a.prs.p3.m.sg』
374668	גַּבַּ֑הּ	『L78138』	『4c.subs.m.sg.a.prs.p3.m.sg』
374688	רְֽבִיעָאָ֡ה	『L77808』	『4c.adjv.f.sg.a』
374706	בְּ	『L77695』	『4c.prep』
374707	רַגְלַ֣הּ	『L77781』	『4c.subs.f.sg.a.prs.p3.m.sg』
374731	בֵּֽינֵיהֵ֔ן	『L78135』	『4c.prep.m.pl.a.prs.p3.f.pl』
374737	אֶתְעֲקַ֖רָה	『L78143』	『4c.verb.etpe.perf.p3.f.pl』
374739	קֳדָמַ֑הּ	『L77652』	『4c.subs.u.sg.a.prs.p3.m.sg』
374789	אַלְפִין֙	『L78021』	『4c.subs.m.pl.a』
374793	רִבְבָ֖ן	『L78155』	『4c.subs.f.pl.a』
374957	כָּלְּהֵ֑ין	『L76970』	『4c.subs.m.sg.a.prs.p3.f.pl』
374960	שִׁנַּ֤הּ	『L78136』	『4c.subs.f.sg.a.prs.p3.m.sg』
374985	וּ	『L75940』	『4c.conj』
374986	נְפַ֥לָה	『L77830』	『4c.verb.peal.perf.p3.f.pl』
374988	קֳדָמַ֖הּ	『L77652』	『4c.subs.u.sg.a.prs.p3.m.sg』
375040	רְבִיעָאָה֙	『L77808』	『4c.adjv.f.sg.a』
375082	עִלָּאָה֙	『L77918』	『4c.subs.m.sg.e』
375450	הוּרַ֣ם	『L70413』	『4c.verb.hof.perf.p3.m.sg』
375856	הִרְשַׁ֣עְנוּ	『L72180』	『4c.verb.hif.perf.p1.u.pl』
376011	דְּבָרֹ֣ו	『L70580』	『4c.subs.m.sg.a.prs.p3.m.sg』
376168	פְּקַ֣ח	『L70199』	『4c.verb.qal.impv.p2.m.sg』
376315	וּ	『L70008』	『4c.conj』
376316	לְ	『L70028』	『4c.prep』
376317	הָתֵ֤ם	『L71713』	『4c.verb.hif.infc.u.u.u.c』
376318	חַטָּאת֙	『L70281』	『4c.subs.f.sg.a』
377124	וּ	『L70008』	『4c.conj』
377125	בָנָ֣יו	『L70235』	『4c.subs.m.pl.a.prs.p3.m.sg』
377141	וְ	『L70008』	『4c.conj』
377142	יִתְגָּרֶ֖ה	『L73212』	『4c.verb.hit.impf.p3.m.sg』
377144	מָעֻזֹּֽו	『L73986』	『4c.subs.m.sg.a.prs.p3.m.sg』
377173	וְ	『L70008』	『4c.conj』
377174	רָ֣ם	『L70413』	『4c.verb.qal.ptca.u.m.sg.a』
377308	וְ	『L70008』	『4c.conj』
377309	יָשֵׂ֧ם	『L70135』	『4c.verb.qal.impf.p3.m.sg』
377733	יַכִּ֖יר	『L71159』	『4c.verb.hif.impf.p3.m.sg』
378434	נְבוּכַדְנֶצַּ֥ר	『L75101』	『4c.nmpr.m.sg.a』
378796	שַׁלְמַ֖י	『L78248』	『4c.nmpr.m.sg.a』
378820	מְעוּנִ֖ים	『L78257』	『4c.nmpr.m.pl.a』
378822	נְפוּסִֽים	『L78258』	『4c.nmpr.m.pl.a』
379167	וַ	『L70008』	『4c.conj』
379168	יַּעֲל֨וּ	『L70123』	『4c.verb.hif.wayq.p3.m.pl』
379542	וְ	『L70008』	『4c.conj』
379543	לֹ֣ו	『L70028』	『4c.prep.prs.p3.m.sg』
379602	וּֽ	『L70008』	『4c.conj』
379603	מְבַהֲלִ֥ים	『L71647』	『4c.verb.piel.ptca.u.m.pl.a』
379649	כְּנָוֹתָ֔יו	『L78295』	『4c.subs.f.pl.a.prs.p3.m.sg』
379651	אַרְתַּחְשַׁ֖שְׂתְּ	『L78293』	『4c.nmpr.m.sg.a』
379693	אַרְכְּוָיֵ֤א	『L78310』	『4c.subs.m.pl.e』
379696	דֶּהָיֵ֖א	『L78313』	『4c.subs.m.pl.e』
379729	עַבְדָ֛ךְ	『L77634』	『4c.subs.m.pl.a.prs.p2.m.sg』
379751	וּ	『L75940』	『4c.conj』
379752	בִֽישְׁתָּא֙	『L78324』	『4c.adjv.f.sg.e』
379754	וְ	『L75940』	『4c.conj』
379755	שׁוּרַיָּ֣א	『L78325』	『4c.subs.m.pl.e』
379756	שַׁכְלִ֔ילוּ	『L78326』	『4c.verb.shaf.perf.p3.m.pl』
379975	אַרְתַּחְשַׁ֣שְׂתְּ	『L78303』	『4c.nmpr.m.sg.a』
380022	נְבִיָּ֗א	『L78352』	『4c.subs.m.sg.e』
380027	נְבִיַּיָּ֔א	『L78352』	『4c.subs.m.pl.e』
380062	נְבִיַּיָּ֥א	『L78352』	『4c.subs.m.pl.e』
380279	כַּסְדָּאָ֑ה	『L77638』	『4c.subs.m.sg.e』
380351	אֵ֚ל	『L78373』	『4c.prde.u.pl』
380745	נְבִיָּ֔א	『L78352』	『4c.subs.m.sg.e』
380820	לְ	『L75936』	『4c.prep』
380821	חַטָּאָ֤ה	『L78407』	『4c.subs.f.sg.a』
381272	עֲלָ֨ךְ	『L77672』	『4c.prep.prs.p2.m.sg』
381275	אֶחָ֜ךְ	『L78428』	『4c.subs.m.pl.a.prs.p2.m.sg』
381429	דָּאיְנִין֙	『L78443』	『4c.verb.peal.ptca.u.m.pl.a』
381469	לִ	『L75936』	『4c.prep』
381470	שְׁרֹשִׁ֔י	『L78445』	『4c.subs.f.sg.a』
381711	וְ	『L70008』	『4c.conj』
381712	זַכּ֑וּר	『L72841』	『4c.nmpr.m.sg.a』
381782	וָ	『L70008』	『4c.conj』
381783	אֲצַוֶּ֤ה	『L70166』	『4c.verb.piel.wayq.p1.u.sg』
381803	הַ	『L70006』	『4c.art』
381804	נְּתִינִים֙	『L78238』	『4c.subs.m.pl.a』
381968	וָ	『L70008』	『4c.conj』
381969	אֶשְׁקֳלָ֣ה	『L71007』	『4c.verb.qal.wayq.p1.u.sg』
382748	עֵילָם֙	『L70553』	『4c.nmpr.u.sg.a』
382999	כִּ	『L70092』	『4c.prep』
383000	דְבָרְךָ֥	『L70580』	『4c.subs.m.sg.a.prs.p2.m.sg』
383315	וְ	『L70008』	『4c.conj』
383316	רָמֹֽות	『L78494』	『4c.nmpr.m.sg.a』
383362	כְּלֽוּהוּ	『L78505』	『4c.nmpr.m.sg.a』
383368	וְ	『L70008』	『4c.conj』
383369	יַעֲשָֽׂי	『L78507』	『4c.nmpr.m.sg.a』
383398	יַדַּ֥י	『L78514』	『4c.nmpr.m.sg.a』
383404	נָשְׂא֖וּ	『L70293』	『4c.verb.qal.perf.p3.u.pl』
383422	כִּסְלֵיו֙	『L76697』	『4c.nmpr.u.sg.a』
383640	וַ	『L70008』	『4c.conj』
383641	הֲבִֽיאֹותִים֙	『L70172』	『4c.verb.hif.perf.p1.u.sg.prs.p3.m.pl』
384048	הֵ֣ם	『L70206』	『4c.prps.p3.m.pl』
384049	פְּרוּצִ֔ים	『L71190』	『4c.verb.qal.ptcp.u.m.pl.a』
384551	וְ	『L70008』	『4c.conj』
384552	יַעֲמִיד֙	『L70841』	『4c.verb.hif.impf.p3.m.sg』
384651	זַכַּ֖י	『L78214』	『4c.nmpr.m.sg.a』
384821	אַחֲרָ֨יו	『L70341』	『4c.prep.m.pl.a』
384841	אַחֲרָ֣יו	『L70341』	『4c.prep.m.pl.a』
385147	בַּ	『L70001』	『4c.prep』
385148		『L70006』	『4c.art』
385149	צְּחִיחִ֑ים	『L76309』	『4c.subs.m.pl.a』
385217	וַ	『L70008』	『4c.conj』
385218	נָּ֤שָׁב	『L70243』	『4c.verb.qal.wayq.p1.u.pl』
385580	וָ	『L70008』	『4c.conj』
385581	אֹמַ֕ר	『L70020』	『4c.verb.qal.wayq.p1.u.sg』
386387	וָ	『L70008』	『4c.conj』
386388	אֹמַ֣ר	『L70020』	『4c.verb.qal.wayq.p1.u.sg』
386855	נְפִֽישְׁסִֽים	『L78570』	『4c.nmpr.m.pl.a』
387851	אַתָּ֣ה	『L70219』	『4c.prps.p2.m.sg』
388157	חֶ֖סֶד	『L70897』	『4c.subs.m.sg.a』
388812	נֵיבָֽי	『L78593』	『4c.nmpr.m.sg.a』
389542	יְדוּתֽוּן	『L78621』	『4c.nmpr.m.sg.a』
389833	וְ	『L70008』	『4c.conj』
389834	עֻנִּ֧י	『L78635』	『4c.nmpr.m.sg.a』
389885	לִ	『L70028』	『4c.prep』
389886	מְלִ֨יכוּ֙	『L78638』	『4c.nmpr.m.sg.a』
389897	לְ	『L70028』	『4c.prep』
389898	עִדֹּ֥וא	『L74671』	『4c.nmpr.m.sg.a』
390473	רָאשֵׁי֙	『L70145』	『4c.subs.m.pl.c』
391080	אַשְׁדֳּדִיֹּ֔ות	『L73604』	『4c.adjv.f.pl.a』
391081	עַמֳּנִיֹּ֖ות	『L73219』	『4c.adjv.f.pl.a』
391345	לוּדִ֧ים	『L70523』	『4c.nmpr.m.pl.a』
391761	עֲוִֽית	『L71457』	『4c.nmpr.u.sg.a』
391820	עַֽלְוָ֖ה	『L71468』	『4c.nmpr.u.sg.a』
392009	וְ	『L70008』	『4c.conj』
392010	אַחְיֹותֵיהֶ֖ם	『L70323』	『4c.subs.f.pl.a.prs.p3.m.pl』
392523	יֹשְׁבֵ֣י	『L70299』	『4c.verb.qal.ptca.u.m.pl.c』
392794	הֹודַוְיָ֡הוּ	『L78748』	『4c.nmpr.m.sg.a』
392899	וְ	『L70008』	『4c.conj』
392900	צֹ֖חַר	『L71003』	『4c.nmpr.m.sg.a』
393112	וְ	『L70008』	『4c.conj』
393113	תִילֹ֑ון	『L78801』	『4c.nmpr.m.sg.a』
393405	הַ	『L70006』	『4c.art』
393406	מְּעוּנִ֨ים	『L78257』	『4c.nmpr.m.pl.a』
394178	בְּנֵי֙	『L70235』	『4c.subs.m.pl.c』
394279	צוּף֙	『L74127』	『4c.nmpr.m.sg.a』
394956	יָשׁ֥וּב	『L73036』	『4c.nmpr.m.sg.a』
395125	יְע֡וּשׁ	『L71410』	『4c.nmpr.m.sg.a』
395448	בִרְזָֽיִת	『L78909』	『4c.nmpr.u.sg.a』
395479	וְ	『L70008』	『4c.conj』
395480	רָהְגָּ֖ה	『L78917』	『4c.nmpr.m.sg.a』
395481	וְ	『L70008』	『4c.conj』
395482	חֻבָּ֥ה	『L78918』	『4c.nmpr.m.sg.a』
395794	וּ	『L70008』	『4c.conj』
395795	פְנוּאֵ֖ל	『L78757』	『4c.nmpr.m.sg.a』
396060	בָּנִ֔י	『L74632』	『4c.nmpr.m.sg.a』
396061	מִן	『L70038』	『4c.prep』
396536	פְּטוּרִ֑ים	『L74291』	『4c.verb.qal.ptcp.u.m.pl.a』
396565	יְעִיאֵ֑ל	『L78456』	『4c.nmpr.m.sg.a』
397212	הַ	『L70006』	『4c.art』
397213	שָּׁ֣לִישִׁ֔ים	『L72025』	『4c.subs.m.pl.a』
397317	וַ	『L70008』	『4c.conj』
397318	יִּתְאָ֥יו	『L72813』	『4c.verb.hit.wayq.p3.m.sg』
397416	וְ	『L70008』	『4c.conj』
397417	לֹו	『L70028』	『4c.prep.prs.p3.m.sg』
397687	וִֽ	『L70008』	『4c.conj』
397688	יעִיאֵ֔ל	『L78456』	『4c.nmpr.m.sg.a』
397774	וִ	『L70008』	『4c.conj』
397775	יזִיאֵ֥ל	『L79049』	『4c.nmpr.m.sg.a』
397817	הַ	『L70006』	『4c.art』
397818	חֲרוּפִֽי	『L79057』	『4c.subs.m.sg.a』
397941	גְּדֹותָ֑יו	『L73522』	『4c.subs.f.pl.a.prs.p3.m.sg』
398013	הַ	『L70006』	『4c.art』
398014	שָּׁלִישִׁים֒	『L72025』	『4c.subs.m.pl.a』
398764	חוּרָ֨ם	『L74414』	『4c.nmpr.m.sg.a』
398894	פְּלִשְׁתִּ֔ים	『L70529』	『4c.subs.m.pl.a』
399457	מַחְצְרִים֙	『L79081』	『4c.verb.hif.ptca.u.m.pl.a』
400973	לִ	『L70028』	『4c.prep』
400974	שְׁאָל	『L71043』	『4c.verb.qal.infc.u.u.u.a』
401731	יָעִ֗יר	『L79094』	『4c.nmpr.m.sg.a』
402635	בְּנִ֕י	『L70235』	『4c.subs.m.sg.a.prs.p1.u.sg』
403059	שְׁלֹומִ֧ית	『L72687』	『4c.nmpr.u.sg.a』
403777	שָׁמִֽיר	『L79121』	『4c.nmpr.m.sg.a』
403886	הַֽ	『L70006』	『4c.conj』
403887	נִּבְּאִ֛ים	『L72826』	『4c.verb.nif.ptca.u.m.pl.a』
404661	וּ	『L70008』	『4c.conj』
404662	שְׁלֹמִ֥ית	『L72687』	『4c.nmpr.u.sg.a』
405097	לַ	『L70028』	『4c.prep』
405098		『L70006』	『4c.art』
405099	בֵּ֣ן	『L70235』	『4c.subs.m.sg.a』
405100	יְמִינִ֑י	『L73910』	『4c.subs.m.sg.a』
405394	שִׁרְטַ֖י	『L79163』	『4c.nmpr.m.sg.a』
406487	ה֖וּא	『L70148』	『4c.prps.p3.m.sg』
408089	הַ	『L70006』	『4c.art』
408090	יְמָנִי֙	『L72360』	『4c.subs.m.sg.a』
408336	חוּרָ֗ם	『L74414』	『4c.nmpr.m.sg.a』
408891	מַחְצְרִ֖ים	『L79081』	『4c.verb.hif.ptca.u.m.pl.a』
408898	לַ	『L70028』	『4c.prep』
408899		『L70006』	『4c.art』
408900	מְחַצְּרִ֨ים	『L79081』	『4c.subs.piel.ptca.u.m.pl.a』
410162	מַחְצְרִ֣ים	『L79081』	『4c.verb.hif.ptca.u.m.pl.a』
410796	הַ	『L70006』	『4c.art』
410797	נִּצָּבִ֛ים	『L70824』	『4c.subs.nif.ptca.u.m.pl.a』
411005	אֳנִיֹּ֗ות	『L71765』	『4c.subs.f.pl.a』
411262	חוּרָם֙	『L74414』	『4c.nmpr.m.sg.a』
411708	יֶעְדֹּ֣ו	『L79184』	『4c.nmpr.m.sg.a』
412495	בַּת	『L70343』	『4c.subs.f.sg.c』
413323	מַחְצְרִ֖ים	『L79081』	『4c.verb.hif.ptca.u.m.pl.a』
413421	עֶפְרַ֖יִן	『L79191』	『4c.nmpr.u.sg.a』
414708	וּ	『L70008』	『4c.conj』
414709	שְׁמִֽירָמֹ֡ות	『L79073』	『4c.nmpr.m.sg.a』
415104	מִיכָ֥יְהוּ	『L74091』	『4c.nmpr.m.sg.a』
415658	יָדְךָ֛	『L70251』	『4c.subs.u.sg.a.prs.p2.m.sg』
418817	בְּ	『L70001』	『4c.prep』
418818	מַחֲלוּיִ֣ם	『L79214』	『4c.subs.m.pl.a』
418865	יִ֧רֶ֞ב	『L70083』	『4c.verb.qal.impf.p3.m.sg』
419322	לְכָ֖ה	『L70159』	『4c.verb.qal.impv.p2.m.sg』
419636	יְכָלְיָ֖ה	『L74969』	『4c.nmpr.f.sg.a』
419712	הָֽ	『L70006』	『4c.art』
419713	עַרְבִ֛ים	『L78521』	『4c.subs.m.pl.a』
419814	יְעִיאֵ֣ל	『L78456』	『4c.nmpr.m.sg.a』
420082	הַֽ	『L70006』	『4c.art』
420083	חָפְשִׁית֙	『L74970』	『4c.subs.f.sg.a』
421122	לְ	『L70028』	『4c.prep』
421123	זַֽעֲוָה֙	『L73392』	『4c.subs.f.sg.a』
421231	וִ	『L70008』	『4c.conj』
421232	יעִיאֵ֑ל	『L78456』	『4c.nmpr.m.sg.a』
421244	יְחִיאֵ֣ל	『L78453』	『4c.nmpr.m.sg.a』
421623	מַחְצְרִ֑ים	『L79081』	『4c.verb.hif.ptca.u.m.pl.a』
422819	כָּֽנַנְיָ֣הוּ	『L79224』	『4c.nmpr.m.sg.a』
422849	כָּֽנַנְיָ֨הוּ֙	『L79224』	『4c.nmpr.m.sg.a』
423592	וּ	『L70008』	『4c.conj』
423593	מִֽיצִיאֵ֣י	『L79226』	『4c.subs.m.pl.c』
424251	וַ	『L70008』	『4c.conj』
424252	יִּ֨בֶן֙	『L70181』	『4c.verb.qal.wayq.p3.m.sg』
424557	מִזְבְּחֹותָ֑ם	『L70449』	『4c.subs.m.pl.a.prs.p3.m.pl』
424576	בְּ	『L70001』	『4c.prep』
424577	חַרְבֹתֵיהֶ֖ם	『L72728』	『4c.subs.f.pl.a.prs.p3.m.pl』
424685	וַ	『L70008』	『4c.conj』
424686	יָּשֻׁ֖בוּ	『L70243』	『4c.verb.qal.wayq.p3.m.pl』
425027	תָּקְהַ֗ת	『L79230』	『4c.nmpr.m.sg.a』
425094	וַֽ	『L70008』	『4c.conj』
425095	יְקַטְּרוּ֙	『L72354』	『4c.verb.piel.wayq.p3.m.pl』
425407	הַ	『L70006』	『4c.conj』
425408	מְּבִינִ֨ים	『L71581』	『4c.verb.hif.ptca.u.m.pl.a』
425446	וְ	『L70008』	『4c.conj』
425447	הָכִ֥ינוּ	『L71580』	『4c.verb.hif.impv.p2.m.pl』
425576	וְ֠	『L70008』	『4c.conj』
425577	כָֽנַנְיָהוּ	『L79224』	『4c.nmpr.m.sg.a』
426328	לִ	『L70028』	『4c.prep』
426329	מְעָל	『L72482』	『4c.verb.qal.infc.u.u.u.c』
426393	כַּשְׂדִּ֗ים	『L70607』	『4c.nmpr.m.pl.a』
