אָבִ֤יא	『L70172』『4c.verb.hif.impf.p1.u.sg』
אֲבִיגַ֡יִל	『L74331』『4c.nmpr.f.sg.a』
אֲדֹנָ֑יו	『L70848』『4c.subs.m.pl.a.prs.p3.m.sg』
אֹהֲבַ֣י	『L70964』『4c.subs.qal.ptca.u.m.pl.a.prs.p1.u.sg』
אָֽהֳלֹ֔ו	『L70312』『4c.subs.m.sg.a.prs.p3.m.sg』
אָֽהֳלֹו֙	『L70312』『4c.subs.m.sg.a.prs.p3.m.sg』
אָהֳלֹ֑ו	『L70312』『4c.subs.m.sg.a.prs.p3.m.sg』
אָהֳלֹֽו	『L70312』『4c.subs.m.sg.a.prs.p3.m.sg』
אֹוחִ֜ילָה	『L70442』『4c.verb.hif.impf.p1.u.sg』
אֹֽ֭ויִבְךָ	『L70980』『4c.subs.qal.ptca.u.m.sg.a.prs.p2.m.sg』
אֶזְכֹּ֥ור	『L70421』『4c.verb.qal.impf.p1.u.sg』
אָזְנִ֑י	『L70924』『4c.subs.f.sg.a.prs.p1.u.sg』
אֶחָ֑ד	『L70033』『4c.subs.u.sg.a』
אֲחֹותַ֔יִךְ	『L70323』『4c.subs.f.pl.a.prs.p2.f.sg』
אַחְיֹותַ֔י	『L70323』『4c.subs.f.pl.a』
אַחְיֹֽותֵיהֶ֔ם	『L70323』『4c.subs.f.pl.a.prs.p3.m.pl』
אַחְיֹותָ֜יו	『L70323』『4c.subs.f.pl.a.prs.p3.m.sg』
אֶחָ֜ךְ	『L78428』『4c.subs.m.pl.a.prs.p2.m.sg』
אַחֲרָ֣יו	『L70341』『4c.prep.m.pl.a』
אַחֲרָ֨יו	『L70341』『4c.prep.m.pl.a』
אֲחַשְׁוֵרֹ֧ושׁ	『L77538』『4c.nmpr.m.sg.a』
אַחַת֙	『L70033』『4c.subs.f.sg.a』
אֶחָֽתוְאַחֲרָ֛יו	『L70033』『4c.subs.f.sg.a』『L70008』『4c.conj』『L70341』『4c.prep.m.pl.a.prs.p3.m.sg』
אֵ֣י	『L70214』『4c.inrg』
אֹֽיִבְךָ֙	『L70980』『4c.subs.qal.ptca.u.m.sg.a.prs.p2.m.sg』
אֵילֵ֣י	『L70757』『4c.subs.m.pl.c』
אֵילָ֑יו	『L74715』『4c.subs.m.pl.a.prs.p3.m.sg』
אֵילָ֖יו	『L74715』『4c.subs.m.pl.a.prs.p3.m.sg』
אֵילָֽיו	『L74715』『4c.subs.m.pl.a.prs.p3.m.sg』
אֵילָיו֙	『L74715』『4c.subs.m.pl.a.prs.p3.m.sg』
אִ֖ישׁ	『L70186』『4c.subs.m.sg.a』
אִ֣ישׁ	『L70186』『4c.subs.m.sg.c』
אֲיַשֵּׁ֑ר	『L72979』『4c.verb.piel.impf.p1.u.sg』
אִיתַ֣נָא	『L77670』『4c.subs.u.sg.a.prs.p1.u.pl』
אֲכָלַ֣נִי	『L70167』『4c.verb.qal.perf.p3.m.sg.prs.p1.u.sg』
אָכָ֑לְתְּ	『L70167』『4c.verb.qal.perf.p2.f.sg』
אֶֽכְרָת	『L70466』『4c.verb.qal.impf.p1.u.sg』
אֶ֨כְתָּב	『L72118』『4c.verb.qal.impf.p1.u.sg』
אֶל	『L70043』『4c.prep』
אַל	『L70653』『4c.nega』
אֵ֚ל	『L78373』『4c.prde.u.pl』
אֱלֹהֵ֥י	『L70004』『4c.subs.m.pl.c』
אֱלֹהִ֜ים	『L70004』『4c.subs.m.pl.a』
אֵלַ֔י	『L70043』『4c.prep』
אֵלַ֖י	『L70043』『4c.prep』
אֵלָ֔יו	『L70043』『4c.prep.prs.p3.m.sg』
אֵלָיו֙	『L70043』『4c.prep.prs.p3.m.sg』
אֵלָ֖יו	『L74715』『4c.subs.m.pl.a.prs.p3.m.sg』
אֵלָ֣יו	『L74715』『4c.subs.m.pl.a.prs.p3.m.sg』
אַלְמְנֹותָיו֙	『L71518』『4c.subs.f.pl.a.prs.p3.m.sg』
אַלְפִין֙	『L78021』『4c.subs.m.pl.a』
אַמֹּות֒	『L70389』『4c.subs.f.pl.a』
אֲמָנָ֨ה	『L74902』『4c.nmpr.u.sg.a』
אָמְר֣וּ	『L70020』『4c.verb.qal.perf.p3.u.pl』
אֲנַ֜חְנוּ	『L70655』『4c.prps.p1.u.pl』
אֳנִיֹּ֗ות	『L71765』『4c.subs.f.pl.a』
אֲנִֽיעֲךָ֤	『L70290』『4c.verb.hif.impf.p1.u.sg.prs.p2.m.sg』
אֲנָשָׁ֗א	『L77671』『4c.subs.m.sg.e』
אֲנָשָׁ֣א	『L77671』『4c.subs.m.sg.e』
אַ֖נְתְּ	『L77757』『4c.prps.p2.m.sg』
אַ֣נְתְּ	『L77757』『4c.prps.p2.m.sg』
אַ֤נְתְּ	『L77757』『4c.prps.p2.m.sg』
אַנְתְּ	『L77757』『4c.prps.p2.m.sg』
אֲסִירֵ֥י	『L71539』『4c.subs.m.pl.c』
אֶֽסְלַֽח	『L72427』『4c.verb.qal.impf.p1.u.sg』
אֶעֱבֹ֑ור	『L70422』『4c.verb.qal.impf.p1.u.sg』
אֶצָּרְךָ֤	『L70125』『4c.verb.qal.impf.p1.u.sg.prs.p2.m.sg』
אַרְבַּ֖ע	『L70144』『4c.subs.u.sg.c』
אֲרַ֥וְנָה	『L74641』『4c.nmpr.m.sg.a』
אֹֽרְחֹתָ֑יו	『L70844』『4c.subs.m.pl.a.prs.p3.m.sg』
אֲרִ֖י	『L72978』『4c.subs.m.sg.a』
אֲרִיצֵם֙	『L70825』『4c.verb.hif.impf.p1.u.sg.prs.p3.m.pl』
אַרְכְּוָיֵ֤א	『L78310』『4c.subs.m.pl.e』
אַרְתַּחְשַׁ֖שְׂתְּ	『L78293』『4c.nmpr.m.sg.a』
אַרְתַּחְשַׁ֣שְׂתְּ	『L78303』『4c.nmpr.m.sg.a』
אֵ֥שׁ	『L70780』『4c.subs.u.sg.c』
אַשְׁדֳּדִיֹּ֔ות	『L73604』『4c.adjv.f.pl.a』
אָשִׁ֛יב	『L70243』『4c.verb.hif.impf.p1.u.sg』
אָשִׁ֥יב	『L70243』『4c.verb.hif.impf.p1.u.sg』
אָשְׁיֹותֶ֔יהָ	『L76145』『4c.subs.f.pl.a.prs.p3.f.sg』
אֶשְׁמָר	『L70165』『4c.verb.qal.impf.p1.u.sg』
אֶשְׁקֳטָ֖ה	『L73585』『4c.verb.qal.impf.p1.u.sg』
אֲשֶׁ֥ר	『L70037』『4c.conj』
אֲשֶׁר֩	『L70037』『4c.conj』
אֶשְׁתַּנִּ֔י	『L77669』『4c.verb.etpa.perf.p3.m.sg』
אֶת	『L70005』『4c.prep』
אַ֖תְּ	『L70633』『4c.prps.p2.f.sg』
אַ֣תְּ	『L70633』『4c.prps.p2.f.sg』
אָ֑תְּ	『L70633』『4c.prps.p2.f.sg』
אַ֠תָּה	『L70219』『4c.prps.p2.m.sg』
אַתָּ֖ה	『L70219』『4c.prps.p2.m.sg』
אַתָּ֣ה	『L70219』『4c.prps.p2.m.sg』
אֶתְעֲקַ֖רָה	『L78143』『4c.verb.etpe.perf.p3.f.pl』
בַּגֹּויִ֣ם	『L70001』『4c.prep』『L70006』『4c.art』『L70500』『4c.subs.m.pl.a』
בַּטְּחֹרִ֑ים	『L70001』『4c.prep』『L70006』『4c.art』『L73393』『4c.subs.m.pl.a』
בַּטְּחֹרִ֔ים	『L70001』『4c.prep』『L70006』『4c.art』『L73393』『4c.subs.m.pl.a』
בַּיְּהוּדִ֖ים	『L70001』『4c.prep』『L70006』『4c.art』『L74989』『4c.subs.m.pl.a』
בַּיְּהוּדִֽים	『L70001』『4c.prep』『L70006』『4c.art』『L74989』『4c.subs.m.pl.a』
בַּיַּרְכָתַ֖יִם	『L70001』『4c.prep』『L70006』『4c.art』『L71766』『4c.subs.f.du.a』
בַּכֹּ֣וס	『L70001』『4c.prep』『L70006』『4c.art』『L71554』『4c.subs.f.sg.a』
בַכַּף֙	『L70001』『4c.prep』『L70006』『4c.art』『L70436』『4c.subs.f.sg.a』
בַלַּ֗יְלָה	『L70001』『4c.prep』『L70006』『4c.art』『L70030』『4c.subs.m.sg.a』
בַלַּ֣יְלָה	『L70001』『4c.prep』『L70006』『4c.art』『L70030』『4c.subs.m.sg.a』
בַּמַּלְבֵּ֔ן	『L70001』『4c.prep』『L70006』『4c.art』『L74483』『4c.subs.m.sg.a』
בָּעַ֔י	『L70001』『4c.prep』『L70006』『4c.art』『L70625』『4c.nmpr.u.sg.a』
בַּצְּחִיחִ֑ים	『L70001』『4c.prep』『L70006』『4c.art』『L76309』『4c.subs.m.pl.a』
בַשָּׂדֶה֙	『L70001』『4c.prep』『L70006』『4c.art』『L70115』『4c.subs.m.sg.a』
בַּשָּׁ֣יו	『L70001』『4c.prep』『L70006』『4c.art』『L72142』『4c.subs.m.sg.a』
בַּשָּׁנָה֙	『L70001』『4c.prep』『L70006』『4c.art』『L70061』『4c.subs.f.sg.a』
בְּאַחַ֤ד	『L70001』『4c.prep』『L70033』『4c.subs.u.sg.c』
בְּאַחַ֣ת	『L70001』『4c.prep』『L70033』『4c.subs.f.sg.a』
בַּאֲלָפָ֔יו	『L70001』『4c.prep』『L70929』『4c.subs.m.pl.a.prs.p3.m.sg』
בֶּאֱשׁ֥וּן	『L70001』『4c.prep』『L77319』『4c.subs.m.sg.c』
בִּבְגָדָ֖יו	『L70001』『4c.prep』『L71046』『4c.subs.m.pl.a.prs.p3.m.sg』
בִּדְרָכָ֔יו	『L70001』『4c.prep』『L70260』『4c.subs.m.pl.a.prs.p3.m.sg』
בַּהֲלִֽיכָתָ֑ם	『L70001』『4c.prep』『L76614』『4c.subs.f.sg.a.prs.p3.m.pl』
בְחַיָּיו֙	『L70001』『4c.prep』『L70130』『4c.subs.m.pl.a.prs.p3.m.sg』
בְּחָפְזָ֑ם	『L70001』『4c.prep』『L73333』『4c.verb.qal.infc.u.u.u.a.prs.p3.m.pl』
בְּחַרְבֹתֵיהֶ֖ם	『L70001』『4c.prep』『L72728』『4c.subs.f.pl.a.prs.p3.m.pl』
בְּטֶ֛רֶם	『L70001』『4c.prep』『L70116』『4c.subs.u.sg.c』
בְּמַחֲלוּיִ֣ם	『L70001』『4c.prep』『L79214』『4c.subs.m.pl.a』
בְמֵי	『L70001』『4c.prep』『L70019』『4c.subs.m.pl.c』
בְּמַֽעֲלֹותָ֑יו	『L70001』『4c.prep』『L72150』『4c.subs.f.pl.a.prs.p3.m.sg』
בִּמְר֣וּצָתָ֔ם	『L70001』『4c.prep』『L74532』『4c.subs.f.sg.a.prs.p3.m.pl』
בְּנָֽיֹות	『L70001』『4c.prep』『L74293』『4c.nmpr.u.sg.a』
בְּנָיֹ֖ות	『L70001』『4c.prep』『L74293』『4c.nmpr.u.sg.a』
בְּנָיֹ֥ות	『L70001』『4c.prep』『L74293』『4c.nmpr.u.sg.a』
בְנַפְשִׁי֙	『L70001』『4c.prep』『L70073』『4c.subs.f.sg.a.prs.p1.u.sg』
בְּסוּסָ֣יו	『L70001』『4c.prep』『L71715』『4c.subs.m.pl.a.prs.p3.m.sg』
בְּעֵ֥בֶר	『L70001』『4c.prep』『L71810』『4c.subs.m.sg.c』
בְּעֵינַי֒	『L70001』『4c.prep』『L70200』『4c.subs.f.du.a.prs.p1.u.sg』
בְּעֵינִ֑י	『L70001』『4c.prep』『L70200』『4c.subs.f.sg.a.prs.p1.u.sg』
בְּ֭עֵינָיו	『L70001』『4c.prep』『L70200』『4c.subs.f.du.a.prs.p3.m.sg』
בְּעֵינָ֑יו	『L70001』『4c.prep』『L70200』『4c.subs.f.du.a.prs.p3.m.sg』
בְּעֵינָ֖יו	『L70001』『4c.prep』『L70200』『4c.subs.f.du.a.prs.p3.m.sg』
בְּעַֽרְבֹ֖ות	『L70001』『4c.prep』『L72949』『4c.subs.f.pl.c』
בְּצַעֲנַנִּ֖ים	『L70001』『4c.prep』『L73832』『4c.nmpr.u.sg.a』
בִּ֭קְדֹשָׁיו	『L70001』『4c.prep』『L72130』『4c.subs.m.pl.a.prs.p3.m.sg』
בְּרֹ֥ב	『L70001』『4c.prep』『L70796』『4c.subs.m.sg.c』
בְּרִבְבֹתָֽיו	『L70001』『4c.prep』『L71051』『4c.subs.f.pl.a.prs.p3.m.sg』
בְּרַגְלָ֑יו	『L70001』『4c.prep』『L70437』『4c.subs.f.du.a.prs.p3.m.sg』
בְּרֵעֹ֑ו	『L70001』『4c.prep』『L72410』『4c.subs.m.sg.a.prs.p3.m.sg』
בְּרַתּוּקֹ֤ות	『L70001』『4c.prep』『L74708』『4c.subs.m.pl.c』
בִּ֭שְׂפָתָיו	『L70001』『4c.prep』『L70579』『4c.subs.f.du.a.prs.p3.m.sg』
בְּתֹוכֹֽו	『L70001』『4c.prep』『L70035』『4c.subs.m.sg.a.prs.p3.m.sg』
בְּתַחְבּוּלֹתָ֣יו	『L70001』『4c.prep』『L77206』『4c.subs.f.pl.a.prs.p3.m.sg』
בִּתְחִלַּ֖ת	『L70001』『4c.prep』『L70648』『4c.subs.f.sg.c』
בְּרַגְלַ֣הּ	『L77695』『4c.prep』『L77781』『4c.subs.f.sg.a.prs.p3.m.sg』
בָּ֣א	『L70172』『4c.verb.qal.perf.p3.m.sg』
בָּ֥א	『L70172』『4c.verb.qal.perf.p3.m.sg』
בָ֖א	『L70172』『4c.verb.qal.ptca.u.m.sg.c』
בָּאִ֖ים	『L70172』『4c.verb.qal.ptca.u.m.pl.a』
בֹּ֖ו	『L70001』『4c.prep.prs.p3.m.sg』
בַחוּנָ֗יו	『L75458』『4c.subs.m.pl.a.prs.p3.m.sg』
בֵּֽינֵיהֵ֔ן	『L78135』『4c.prep.m.pl.a.prs.p3.f.pl』
בֵּינָ֥יו	『L70026』『4c.prep.m.pl.a.prs.p3.m.sg』
בַּ֨יִר֙	『L75898』『4c.subs.m.sg.a』
בֵֽית	『L70386』『4c.subs.m.sg.c』
בֵּ֣ית	『L70386』『4c.subs.m.sg.c』
בַֽל	『L75343』『4c.nega』
בְּלָעַ֨נִי֙	『L71568』『4c.verb.qal.perf.p3.m.sg.prs.p1.u.sg』
בָּֽם	『L70001』『4c.prep.prs.p3.m.pl』
בְּמֹ֥ו	『L75484』『4c.prep』
בָּ֣מֳתֵי	『L72725』『4c.subs.f.pl.c』
בָּ֥מֳתֵי	『L72725』『4c.subs.f.pl.c』
בֶן	『L70235』『4c.subs.m.sg.c』
בְּנֵ֣י	『L70235』『4c.subs.m.pl.c』
בְּנֵי֙	『L70235』『4c.subs.m.pl.c』
בְּנִ֕י	『L70235』『4c.subs.m.sg.a.prs.p1.u.sg』
בָּנִ֔י	『L74632』『4c.nmpr.m.sg.a』
בָּנָ֖יו	『L70235』『4c.subs.m.pl.a.prs.p3.m.sg』
בָּנָ֣יו	『L70235』『4c.subs.m.pl.a.prs.p3.m.sg』
בָּנָיו֙	『L70235』『4c.subs.m.pl.a』
בִנְיָמִ֔ן	『L71401』『4c.nmpr.u.sg.a』
בָּנִ֥יתִי	『L70181』『4c.verb.qal.perf.p1.u.sg』
בְּעִירֹ֔ו	『L71654』『4c.subs.m.sg.a.prs.p3.m.sg』
בִּצֹּאתָ֧יו	『L76441』『4c.subs.f.pl.a.prs.p3.m.sg』
בִרְזָֽיִת	『L78909』『4c.nmpr.u.sg.a』
בְּרִיחָ֕יו	『L72277』『4c.subs.m.pl.a.prs.p3.m.sg』
בְּרִיחָ֖יו	『L72277』『4c.subs.m.pl.a.prs.p3.m.sg』
בִּרְכָּֽיו	『L71224』『4c.subs.f.du.a.prs.p3.m.sg』
בַּת	『L70343』『4c.subs.f.sg.c』
גַּבַּ֑הּ	『L78138』『4c.subs.m.sg.a.prs.p3.m.sg』
גְּ֝בוּרֹתָ֗יו	『L72411』『4c.subs.f.pl.a.prs.p3.m.sg』
גָ֑ד	『L71228』『4c.subs.m.sg.a』
גְּדֹותָ֑יו	『L73522』『4c.subs.f.pl.a.prs.p3.m.sg』
גְּֽדָל	『L70064』『4c.adjv.m.sg.c』
גֹּויִ֖י	『L70500』『4c.subs.m.sg.a』
גֹּויַ֖יִךְ	『L70500』『4c.subs.m.pl.a.prs.p2.f.sg』
גֹויִם֙	『L70500』『4c.subs.m.pl.a』
גֹּולָ֤ן	『L73251』『4c.nmpr.u.sg.a』
גֹּולָ֥ן	『L73251』『4c.nmpr.u.sg.a』
גִּ֣יל	『L75253』『4c.advb.qal.infa.u.u.u.a』
גֶשְׁמְהֹ֗ון	『L77919』『4c.subs.m.sg.a.prs.p3.m.pl』
דָּאיְנִין֙	『L78443』『4c.verb.peal.ptca.u.m.pl.a』
דִּבְיֹונִ֖ים	『L74916』『4c.subs.m.pl.a』
דְּבָרֹ֖ו	『L70580』『4c.subs.m.sg.a.prs.p3.m.sg』
דְּבָרֹ֣ו	『L70580』『4c.subs.m.sg.a.prs.p3.m.sg』
דְּבָרֹֽו	『L70580』『4c.subs.m.sg.a.prs.p3.m.sg』
דְּבָרָ֣יו	『L70580』『4c.subs.m.pl.a.prs.p3.m.sg』
דְבָֽרְךָ֙	『L70580』『4c.subs.m.sg.a.prs.p2.m.sg』
דְבָרְךָ֖	『L70580』『4c.subs.m.sg.a.prs.p2.m.sg』
דְבָרְךָ֗	『L70580』『4c.subs.m.sg.a.prs.p2.m.sg』
דְּבָ֣רְךָ֔	『L70580』『4c.subs.m.sg.a.prs.p2.m.sg』
דִבַּ֛רְתְּ	『L70447』『4c.verb.piel.perf.p2.f.sg』
דֹּדֹ֖ו	『L74038』『4c.nmpr.m.sg.a』
דֶּהָיֵ֖א	『L78313』『4c.subs.m.pl.e』
דֹּואֵ֣ג	『L74307』『4c.nmpr.m.sg.a』
דָּיְרֵ֤י	『L77800』『4c.subs.peal.ptca.u.m.pl.c』
דָֽיְרִ֣ין	『L77800』『4c.verb.peal.ptca.u.m.pl.a』
דָיְרִ֥ין	『L77800』『4c.verb.peal.ptca.u.m.pl.a』
דְּלָתְךָ֖	『L70879』『4c.subs.f.sg.a.prs.p2.m.sg』
דָּמְךָ֖	『L70285』『4c.subs.m.sg.a.prs.p2.m.sg』
דָּנִיאֵ֣ל	『L76226』『4c.nmpr.m.sg.a』
דַּרְכֹּֽו	『L70260』『4c.subs.u.sg.a.prs.p3.m.sg』
דַּרְכִּֽי	『L70260』『4c.subs.u.sg.a.prs.p1.u.sg』
דְרָכָ֨יו	『L70260』『4c.subs.m.pl.a.prs.p3.m.sg』
דְּרָכָ֖יו	『L70260』『4c.subs.m.pl.a.prs.p3.m.sg』
דְּרָכָ֗יו	『L70260』『4c.subs.m.pl.a.prs.p3.m.sg』
דֹּרְשָׁ֑יו	『L70463』『4c.subs.qal.ptca.u.m.pl.a.prs.p3.m.sg』
דָּ֖ת	『L73493』『4c.subs.f.sg.a』
הָאֶחָ֖ד	『L70006』『4c.art』『L70033』『4c.subs.u.sg.a』
הָֽאִיתֹ֔ון	『L70006』『4c.art』『L76409』『4c.adjv.m.sg.a』
הָאֵ֔לֶּה	『L70006』『4c.art』『L70111』『4c.prde.u.pl』
הָאֲסוּרִ֗ים	『L70006』『4c.art』『L74075』『4c.subs.m.pl.a』
הָאֲסוּרִֽים	『L70006』『4c.art』『L74075』『4c.subs.m.pl.a』
הָאֲרַ֥וְנָה	『L70006』『4c.art』『L74641』『4c.nmpr.m.sg.a』
הָאֲרִ֛י	『L70006』『4c.art』『L72978』『4c.subs.m.sg.a』
הָאָ֑רֶץ	『L70006』『4c.art』『L70009』『4c.subs.u.sg.a』
הַבָּצִֽיר	『L70006』『4c.art』『L76706』『4c.subs.u.sg.a』
הַגֵּאָיֹ֑ות	『L70006』『4c.art』『L72927』『4c.subs.f.pl.a』
הַגִּבֹּרִ֜ים	『L70006』『4c.art』『L70367』『4c.subs.m.pl.a』
הַגָּ֣גָה	『L70006』『4c.art』『L72375』『4c.subs.m.sg.a』
הַגָּדֹ֖ול	『L70006』『4c.art』『L70064』『4c.adjv.m.sg.a』
הַדָּבָ֥ר	『L70006』『4c.art』『L70580』『4c.subs.m.sg.a』
הַהִ֖יא	『L70006』『4c.art』『L70152』『4c.prde.p3.f.sg』
הַזֹּאת֙	『L70006』『4c.art』『L70183』『4c.prde.f.sg』
הַֽחָפְשִׁית֙	『L70006』『4c.art』『L74970』『4c.subs.f.sg.a』
הַ֣חִצִּ֔ים	『L70006』『4c.art』『L71790』『4c.subs.m.pl.a』
הַחֲרוּפִֽי	『L70006』『4c.art』『L79057』『4c.subs.m.sg.a』
הַֽחַרְסִ֑ית	『L70006』『4c.art』『L75989』『4c.subs.f.sg.a』
הַיְּהוּדִ֑ים	『L70006』『4c.art』『L74989』『4c.subs.m.pl.a』
הַיְּהוּדִ֣ים	『L70006』『4c.art』『L74989』『4c.subs.m.pl.a』
הַיְּהוּדִ֤ים	『L70006』『4c.art』『L74989』『4c.subs.m.pl.a』
הַיְמָנִי֙	『L70006』『4c.art』『L72360』『4c.adjv.m.sg.a』
הַיְמָנִי֙	『L70006』『4c.art』『L72360』『4c.subs.m.sg.a』
הַיָּצִ֨יעַ֙	『L70006』『4c.art』『L74696』『4c.subs.m.sg.a』
הַיָּצִ֨יעַ	『L70006』『4c.art』『L74696』『4c.subs.m.sg.a』
הַיַּרְדֵּֽן	『L70006』『4c.art』『L70661』『4c.nmpr.u.sg.a』
הַכְּלֽוּא	『L70006』『4c.art』『L76088』『4c.subs.m.sg.a』
הַכְּרֵתִ֖י	『L70006』『4c.art』『L74361』『4c.subs.m.sg.a』
הַלֻּחִ֔ית	『L70006』『4c.art』『L75355』『4c.nmpr.u.sg.a』
הַלְּשָׁכֹ֣ות	『L70006』『4c.art』『L74200』『4c.subs.f.pl.a』
הַמֵּאֹ֗ות	『L70006』『4c.art』『L70340』『4c.subs.f.pl.a』
הַמֵּאֹ֣ות	『L70006』『4c.art』『L70340』『4c.subs.f.pl.a』
הַמֵּבִיא֙	『L70006』『4c.art』『L70172』『4c.subs.hif.ptca.u.m.sg.a』
הַמֹּורִ֤ים	『L70006』『4c.art』『L71322』『4c.subs.hif.ptca.u.m.pl.a』
הַמֶּ֔לֶךְ	『L70006』『4c.art』『L70671』『4c.subs.m.sg.a』
הַמֶּ֨לֶךְ֙	『L70006』『4c.art』『L70671』『4c.subs.m.sg.a』
הַמֶּֽלֶךְ	『L70006』『4c.art』『L70671』『4c.subs.m.sg.a』
הַמְּלָכִ֛ים	『L70006』『4c.art』『L70671』『4c.subs.m.pl.a』
הַמְּעוּנִ֨ים	『L70006』『4c.art』『L78257』『4c.nmpr.m.pl.a』
הַֽנַּעֲרָ֖ה	『L70006』『4c.art』『L71019』『4c.subs.f.sg.a』
הַֽנַּעֲרָ֗ה	『L70006』『4c.art』『L71019』『4c.subs.f.sg.a』
הַֽנַּעֲרָ֛ה	『L70006』『4c.art』『L71019』『4c.subs.f.sg.a』
הַֽנַּעֲרָ֜ה	『L70006』『4c.art』『L71019』『4c.subs.f.sg.a』
הַֽנַּעֲרָה֙	『L70006』『4c.art』『L71019』『4c.subs.f.sg.a』
הַנִּצָּבִ֛ים	『L70006』『4c.art』『L70824』『4c.subs.nif.ptca.u.m.pl.a』
הַנְּתִינִים֙	『L70006』『4c.art』『L78238』『4c.subs.m.pl.a』
הַסְּעָרָ֗ה	『L70006』『4c.art』『L74880』『4c.subs.f.sg.a』
הַסְּתָ֖יו	『L70006』『4c.art』『L77407』『4c.subs.m.sg.a』
הָעָ֔ם	『L70006』『4c.art』『L70593』『4c.subs.m.sg.a』
הָֽעַמִּ֗ים	『L70006』『4c.art』『L70593』『4c.subs.m.pl.a』
הָֽעַמֹּנָ֛ה	『L70006』『4c.art』『L73770』『4c.nmpr.u.sg.a』
הָֽעֶצְנִ֔י	『L70006』『4c.art』『L74599』『4c.subs.m.sg.a』
הָֽעַרְבִ֛ים	『L70006』『4c.art』『L78521』『4c.subs.m.pl.a』
הַפְּרָזִ֗ים	『L70006』『4c.art』『L73228』『4c.subs.m.pl.a』
הָרָשָׁ֖ע	『L70006』『4c.art』『L70863』『4c.subs.m.sg.a』
הַשְּׂבָכָ֑ה	『L70006』『4c.art』『L74727』『4c.subs.f.sg.a』
הַשְּׁדֵמֹות֩	『L70006』『4c.art』『L73479』『4c.subs.f.pl.a』
הַשַּׁ֣חַר	『L70006』『4c.art』『L70891』『4c.subs.m.sg.a』
הַשָּׁ֣לִישִׁ֔ים	『L70006』『4c.art』『L72025』『4c.subs.m.pl.a』
הַשָּׁלִישִׁים֒	『L70006』『4c.art』『L72025』『4c.subs.m.pl.a』
הַשָּׁלָ֔ל	『L70006』『4c.art』『L71802』『4c.subs.m.sg.a』
הַשְּׁלֹשָׁ֔ה	『L70006』『4c.art』『L70339』『4c.subs.f.sg.a』
הַיֹּודֵ֥עַ	『L70006』『4c.conj』『L70198』『4c.verb.qal.ptca.u.m.sg.a』
הַיֹּשֶׁ֨בֶת֙	『L70006』『4c.conj』『L70299』『4c.verb.qal.ptca.u.f.sg.a』
הַמְּבִינִ֨ים	『L70006』『4c.conj』『L71581』『4c.verb.hif.ptca.u.m.pl.a』
הַמּ֣וּמָתִ֔ים	『L70006』『4c.conj』『L70168』『4c.verb.hof.ptcp.u.m.pl.a』
הַמֹּוצִ֥יא	『L70006』『4c.conj』『L70056』『4c.verb.hif.ptca.u.m.sg.a』
הַמֻּפְקָדִ֖ים	『L70006』『4c.conj』『L70935』『4c.verb.hof.ptcp.u.m.pl.a』
הַֽנִּבְּאִ֛ים	『L70006』『4c.conj』『L72826』『4c.verb.nif.ptca.u.m.pl.a』
הַנָּ֞ס	『L70006』『4c.conj』『L70705』『4c.verb.qal.ptca.u.m.sg.a』
הָרַע֙	『L70006』『4c.conj』『L70141』『4c.adjv.m.sg.a』
הֲתָ֤עִיף	『L70220』『4c.inrg』『L70076』『4c.verb.hif.impf.p2.m.sg』
הַֽאִיתָ֣ךְ	『L77748』『4c.inrg』『L77670』『4c.subs.u.sg.a.prs.p2.m.sg』
הָבִ֤יאִי	『L70172』『4c.verb.hif.impv.p2.f.sg』
הַבִּ֖יטָה	『L70748』『4c.verb.hif.impv.p2.m.sg』
הֹבְרֵ֣י	『L75740』『4c.verb.qal.ptca.u.m.pl.c』
הֹדֹֽו	『L73091』『4c.subs.m.sg.a.prs.p3.m.sg』
הֱדִיחָֽנִי	『L75188』『4c.verb.hif.perf.p3.m.sg.prs.p1.u.sg』
ה֑וּא	『L70148』『4c.prps.p3.m.sg』
ה֖וּא	『L70148』『4c.prps.p3.m.sg』
ה֛וּא	『L70148』『4c.prps.p3.m.sg』
ה֣וּא	『L70148』『4c.prps.p3.m.sg』
הֹודַוְיָ֡הוּ	『L78748』『4c.nmpr.m.sg.a』
הֹוצִיאִ֥י	『L70056』『4c.verb.hif.infc.u.u.u.a』
הוּרַ֣ם	『L70413』『4c.verb.hof.perf.p3.m.sg』
הִזְדְּמִנְתּוּן֙	『L77667』『4c.verb.htpe.perf.p2.m.pl』
הַחֲטִ֥יא	『L70921』『4c.verb.hif.infc.u.u.u.a』
הֶחֱטִ֥יא	『L70921』『4c.verb.hif.perf.p3.m.sg』
הִ֛יא	『L70152』『4c.prps.p3.f.sg』
הִ֥יא	『L70152』『4c.prps.p3.f.sg』
הִֽיא	『L70152』『4c.prps.p3.f.sg』
הָי֣וּ	『L70010』『4c.verb.qal.perf.p3.u.pl』
הָיִ֥ית	『L70010』『4c.verb.qal.perf.p2.f.sg』
הָיִ֛יתָ	『L70010』『4c.verb.qal.perf.p2.m.sg』
הֵילִ֣ילוּ	『L75311』『4c.verb.hif.impv.p2.m.pl』
הַיְצֵ֣א	『L70056』『4c.verb.hif.impv.p2.m.sg』
הַיְשַׁ֖ר	『L72979』『4c.verb.hif.impv.p2.m.sg』
הַכְעִיסֵ֛נִי	『L73247』『4c.verb.hif.infc.u.u.u.a.prs.p1.u.sg』
הַכְשֵׁ֖ר	『L77487』『4c.subs.hif.infa.u.u.u.a』
הָלֹ֖וךְ	『L70159』『4c.verb.qal.infa.u.u.u.a』
הֹלֵ֣ךְ	『L70159』『4c.verb.qal.ptca.u.m.sg.a』
הָלָ֑כְתְּ	『L70159』『4c.verb.qal.perf.p2.f.sg』
הֹלֶ֤כֶת	『L70159』『4c.verb.qal.ptca.u.f.sg.a』
הֵ֣ם	『L70206』『4c.prps.p3.m.pl』
הֲמֹ֤ון	『L70806』『4c.subs.m.sg.c』
הֲמֹונֹ֑ו	『L70806』『4c.subs.m.sg.a.prs.p3.m.sg』
הֲמֹונֹ֔ו	『L70806』『4c.subs.m.sg.a.prs.p3.m.sg』
הֲמָמַ֗נִי	『L72028』『4c.verb.qal.perf.p3.m.sg.prs.p1.u.sg』
הִנֵּ֤ה	『L70099』『4c.intj』
הֶעֱבִ֣ירוּ	『L70422』『4c.verb.hif.perf.p3.u.pl』
הִצִּיגַ֨נִי֙	『L71265』『4c.verb.hif.perf.p3.m.sg.prs.p1.u.sg』
הִרְאִיתַ֨נִי	『L70022』『4c.verb.hif.perf.p2.m.sg.prs.p1.u.sg』
הֶ֭רֶב	『L70083』『4c.verb.hif.impv.p2.m.sg』
הִרְבֵּ֣ית	『L70083』『4c.verb.hif.perf.p2.f.sg』
הִרְשַׁ֣עְנוּ	『L72180』『4c.verb.hif.perf.p1.u.pl』
הִתְעֵתֶם֮	『L70928』『4c.verb.hif.perf.p2.m.pl』
הִתְפַּלָּֽשִׁי	『L75903』『4c.verb.hit.impv.p2.f.sg』
הִֽתְפַּתְּחִי֙	『L70409』『4c.verb.hit.impv.p2.f.sg』
וְאָבָֽדוּ	『L70008』『4c.conj』『L71963』『4c.verb.qal.perf.p3.u.pl』
וַ֭אֲבַדֹּו	『L70008』『4c.conj』『L77352』『4c.subs.f.sg.a.prs.p3.m.sg』
וָאָבִ֣יא	『L70008』『4c.conj』『L70172』『4c.verb.hif.wayq.p1.u.sg』
וַֽאֲדֹמִים֙	『L70008』『4c.conj』『L73353』『4c.subs.m.pl.a』
וְאֵֽדְעָה֙	『L70008』『4c.conj』『L70198』『4c.verb.qal.impf.p1.u.sg』
וְאַחְיֹותֵיהֶ֖ם	『L70008』『4c.conj』『L70323』『4c.subs.f.pl.a.prs.p3.m.pl』
וְאַיֵּה֙	『L70008』『4c.conj』『L70842』『4c.inrg』
וְאֵילָ֖יו	『L70008』『4c.conj』『L74715』『4c.subs.m.pl.a.prs.p3.m.sg』
וְאֵילָ֗יו	『L70008』『4c.conj』『L74715』『4c.subs.m.pl.a.prs.p3.m.sg』
וְאֵילָ֤יו	『L70008』『4c.conj』『L74715』『4c.subs.m.pl.a.prs.p3.m.sg』
וְאֵ֣ילַמָּ֔יו	『L70008』『4c.conj』『L74693』『4c.subs.m.pl.a.prs.p3.m.sg』
וְאֵֽילַמָּ֖יו	『L70008』『4c.conj』『L74693』『4c.subs.m.pl.a.prs.p3.m.sg』
וְאֵ֣ין	『L70008』『4c.conj』『L70120』『4c.nega.m.sg.c』
וְאֵינָ֔ם	『L70008』『4c.conj』『L70120』『4c.nega.m.sg.a.prs.p3.m.pl』
וְאֶכָּבְדָ֖ה	『L70008』『4c.conj』『L70857』『4c.verb.nif.impf.p1.u.sg』
וְאִכְל֥וּ	『L70008』『4c.conj』『L70167』『4c.verb.qal.impv.p2.m.pl』
וְאֵלָ֤יו	『L70008』『4c.conj』『L74715』『4c.subs.m.pl.a.prs.p3.m.sg』
וֶֽאֱלִיל֙	『L70008』『4c.conj』『L72623』『4c.subs.m.sg.a』
וְאֵֽלַמָּ֔יו	『L70008』『4c.conj』『L74693』『4c.subs.m.pl.a.prs.p3.m.sg』
וְאֵֽלַמָּ֖יו	『L70008』『4c.conj』『L74693』『4c.subs.m.pl.a.prs.p3.m.sg』
וְאֵֽלַמָּיו֙	『L70008』『4c.conj』『L74693』『4c.subs.m.pl.a.prs.p3.m.sg』
וְאֵלַמָּ֗יו	『L70008』『4c.conj』『L74693』『4c.subs.m.pl.a.prs.p3.m.sg』
וָאֹמַ֕ר	『L70008』『4c.conj』『L70020』『4c.verb.qal.wayq.p1.u.sg』
וָאֹמַ֡ר	『L70008』『4c.conj』『L70020』『4c.verb.qal.wayq.p1.u.sg』
וָאֹמַ֣ר	『L70008』『4c.conj』『L70020』『4c.verb.qal.wayq.p1.u.sg』
וַאֲנַ֖חְנוּ	『L70008』『4c.conj』『L70655』『4c.prps.p1.u.pl』
וַאֲנָשָׁ֨יו	『L70008』『4c.conj』『L70186』『4c.subs.m.pl.a.prs.p3.m.sg』
וְאֶפְרֹחָ֥יו	『L70008』『4c.conj』『L73343』『4c.subs.m.pl.a.prs.p3.m.sg』
וָאֲצַוֶּ֤ה	『L70008』『4c.conj』『L70166』『4c.verb.piel.wayq.p1.u.sg』
וָאֵ֣רֶא	『L70008』『4c.conj』『L70022』『4c.verb.qal.wayq.p1.u.sg』
וָאַרְבֶּה֙	『L70008』『4c.conj』『L70083』『4c.verb.hif.wayq.p1.u.sg』
וְ֝אַרְבָּעָ֗ה	『L70008』『4c.conj』『L70144』『4c.subs.f.sg.a』
וָֽאֵשֵׁ֔ב	『L70008』『4c.conj』『L70299』『4c.verb.qal.wayq.p1.u.sg』
וָאֶשְׁקֳלָ֣ה	『L70008』『4c.conj』『L71007』『4c.verb.qal.wayq.p1.u.sg』
וְאֻשַּׁ֣ר	『L70008』『4c.conj』『L71231』『4c.verb.pual.perf.p3.m.sg』
וְאַ֤תְּ	『L70008』『4c.conj』『L70633』『4c.prps.p2.f.sg』
וְאַ֨תְּ	『L70008』『4c.conj』『L70633』『4c.prps.p2.f.sg』
וְאַתָּ֥ה	『L70008』『4c.conj』『L70219』『4c.prps.p2.m.sg』
וְאַתָּה֙	『L70008』『4c.conj』『L70219』『4c.prps.p2.m.sg』
וְאַתִּיקֶ֛יהָא	『L70008』『4c.conj』『L76415』『4c.subs.m.pl.a.prs.p3.f.sg』
וּבַטְּחֹרִ֔ים	『L70008』『4c.conj』『L70001』『4c.prep』『L70006』『4c.art』『L73393』『4c.subs.m.pl.a』
וּבִדְבָרְךָ֣	『L70008』『4c.conj』『L70001』『4c.prep』『L70580』『4c.subs.m.sg.a.prs.p2.m.sg』
וּבְחַטָּאתֹ֔ו	『L70008』『4c.conj』『L70001』『4c.prep』『L70281』『4c.subs.f.sg.a.prs.p3.m.sg』
וּבִשְׂג֤וּב	『L70008』『4c.conj』『L70001』『4c.prep』『L74828』『4c.nmpr.m.sg.a』
וּ֝בִתְבוּנָתֹ֗ו	『L70008』『4c.conj』『L70001』『4c.prep』『L72398』『4c.subs.f.sg.a.prs.p3.m.sg』
וּבְתֹורָתְךָ֣	『L70008』『4c.conj』『L70001』『4c.prep』『L71117』『4c.subs.f.sg.a.prs.p2.m.sg』
וּבָ֕א	『L70008』『4c.conj』『L70172』『4c.verb.qal.perf.p3.m.sg』
וּבָֽא	『L70008』『4c.conj』『L70172』『4c.verb.qal.perf.p3.m.sg』
וּבָ֤אוּ	『L70008』『4c.conj』『L70172』『4c.verb.qal.perf.p3.u.pl』
וּבֵינָ֔יו	『L70008』『4c.conj』『L70026』『4c.prep.m.pl.a.prs.p3.m.sg』
וּבָנָ֣יו	『L70008』『4c.conj』『L70235』『4c.subs.m.pl.a.prs.p3.m.sg』
וּבָנַ֔יִךְ	『L70008』『4c.conj』『L70235』『4c.subs.m.pl.a.prs.p2.f.sg』
וּגְדוּלָּתְךָ֥	『L70008』『4c.conj』『L74442』『4c.subs.f.sg.a.prs.p2.m.sg』
וּגְדָל	『L70008』『4c.conj』『L70064』『4c.adjv.m.sg.c』
וְגֹויַ֖יִךְ	『L70008』『4c.conj』『L70500』『4c.subs.m.pl.a.prs.p2.f.sg』
וְגֹויַ֨יִךְ֙	『L70008』『4c.conj』『L70500』『4c.subs.m.pl.a.prs.p2.f.sg』
וְג֣וּשׁ	『L70008』『4c.conj』『L77060』『4c.subs.m.sg.c』
וּגְרֹונֵ֖ךְ	『L70008』『4c.conj』『L75164』『4c.subs.m.sg.a.prs.p2.f.sg』
וָדֹֽור	『L70008』『4c.conj』『L70379』『4c.subs.m.sg.a』
וְהָאֲרִיאֵ֗ל	『L70008』『4c.conj』『L70006』『4c.art』『L76425』『4c.subs.m.sg.a』
וְהַגִּזְרִ֖י	『L70008』『4c.conj』『L70006』『4c.art』『L74352』『4c.subs.m.sg.a』
וְהַיְּהוּדִ֣ים	『L70008』『4c.conj』『L70006』『4c.art』『L74989』『4c.subs.m.pl.a』
וְהַכַּרְמֶ֖ל	『L70008』『4c.conj』『L70006』『4c.art』『L75048』『4c.subs.m.sg.a』
וְהַלֶּ֤חֶם	『L70008』『4c.conj』『L70006』『4c.art』『L70241』『4c.subs.u.sg.a』
וְהַמֵּבִ֖יא	『L70008』『4c.conj』『L70006』『4c.conj』『L70172』『4c.verb.hif.ptca.u.m.sg.a』
וְהֵֽבֵאתִי֙	『L70008』『4c.conj』『L70172』『4c.verb.hif.perf.p1.u.sg』
וַהֲבִֽיאֹותִים֙	『L70008』『4c.conj』『L70172』『4c.verb.hif.perf.p1.u.sg.prs.p3.m.pl』
וְהָבְנִ֔ים	『L70008』『4c.conj』『L76338』『4c.subs.m.pl.a』
וְ֝ה֗וּא	『L70008』『4c.conj』『L70148』『4c.prps.p3.m.sg』
וָה֛וּא	『L70008』『4c.conj』『L70148』『4c.prps.p3.m.sg』
וְ֝הַוָּתִ֗י	『L70008』『4c.conj』『L76735』『4c.subs.f.sg.a.prs.p1.u.sg』
וְהִזְהִירֹ֖ו	『L70008』『4c.conj』『L72126』『4c.verb.hif.perf.p3.m.sg.prs.p3.m.sg』
וְֽהָיָ֡ה	『L70008』『4c.conj』『L70010』『4c.verb.qal.perf.p3.m.sg』
וְהָיָ֤ה	『L70008』『4c.conj』『L70010』『4c.verb.qal.perf.p3.m.sg』
וְהָי֛וּ	『L70008』『4c.conj』『L70010』『4c.verb.qal.perf.p3.u.pl』
וְהָי֣וּ	『L70008』『4c.conj』『L70010』『4c.verb.qal.perf.p3.u.pl』
וְהָי֧וּ	『L70008』『4c.conj』『L70010』『4c.verb.qal.perf.p3.u.pl』
וְהָיוּ֙	『L70008』『4c.conj』『L70010』『4c.verb.qal.perf.p3.u.pl』
וְֽהָיְתָ֞ה	『L70008』『4c.conj』『L70010』『4c.verb.qal.perf.p3.f.sg』
וְהָכִ֥ינוּ	『L70008』『4c.conj』『L71580』『4c.verb.hif.impv.p2.m.pl』
וְהֵ֨מָּה	『L70008』『4c.conj』『L70366』『4c.prps.p3.m.pl』
וַהֲמִשֵׁ֨נִי֙	『L70008』『4c.conj』『L71152』『4c.verb.hif.impv.p2.m.sg.prs.p1.u.sg』
וְהִנֵּה	『L70008』『4c.conj』『L70099』『4c.intj』
וְהַצִּית֣וּהָ	『L70008』『4c.conj』『L73536』『4c.verb.hif.impv.p2.m.pl.prs.p3.f.sg』
וְזַכּ֑וּר	『L70008』『4c.conj』『L72841』『4c.nmpr.m.sg.a』
וּֽזְעָ֑קוּ	『L70008』『4c.conj』『L71847』『4c.verb.qal.impv.p2.m.pl』
וּזְקֵנִ֖ים	『L70008』『4c.conj』『L70843』『4c.subs.m.pl.a』
וְחֻבָּ֥ה	『L70008』『4c.conj』『L78918』『4c.nmpr.m.sg.a』
וַחֲדָ֑ל	『L70008』『4c.conj』『L70597』『4c.verb.qal.impv.p2.m.sg』
וְחָיָ֔ה	『L70008』『4c.conj』『L70252』『4c.verb.qal.perf.p3.m.sg』
וְ֝חַיָּתֹו	『L70008』『4c.conj』『L75797』『4c.subs.f.sg.a.prs.p3.m.sg』
וְחַלֹּונָ֤יו	『L70008』『4c.conj』『L70430』『4c.subs.m.pl.a.prs.p3.m.sg』
וְחִלְּלֽוּהוּ	『L70008』『4c.conj』『L70336』『4c.verb.piel.perf.p3.u.pl.prs.p3.m.sg』
וְחַנַּ֥נִי	『L70008』『4c.conj』『L71350』『4c.verb.qal.perf.p3.m.sg.prs.p1.u.sg』
וַיֶּאֱהָבֵ֥הוּ	『L70008』『4c.conj』『L70964』『4c.verb.qal.wayq.p3.m.sg.prs.p3.m.sg』
וַיֹּ֥אמֶר	『L70008』『4c.conj』『L70020』『4c.verb.qal.wayq.p3.m.sg』
וַיֹּ֨אמֶר֙	『L70008』『4c.conj』『L70020』『4c.verb.qal.wayq.p3.m.sg』
וַיֹּאמְר֣וּ	『L70008』『4c.conj』『L70020』『4c.verb.qal.wayq.p3.m.pl』
וַיָּבֹ֣א	『L70008』『4c.conj』『L70172』『4c.verb.qal.wayq.p3.m.sg』
וַיָּבֹ֥א	『L70008』『4c.conj』『L70172』『4c.verb.qal.wayq.p3.m.sg』
וַיָּבֹא֙	『L70008』『4c.conj』『L70172』『4c.verb.qal.wayq.p3.m.sg』
וַיָּבֹ֨וא	『L70008』『4c.conj』『L70172』『4c.verb.qal.wayq.p3.m.sg』
וַיָּ֖בָל	『L70008』『4c.conj』『L70596』『4c.verb.qal.wayq.p3.m.sg』
וַיִּ֨בֶן֙	『L70008』『4c.conj』『L70181』『4c.verb.qal.wayq.p3.m.sg』
וַיְדַבְּרוּ֙	『L70008』『4c.conj』『L70447』『4c.verb.piel.wayq.p3.m.pl』
וַיַּדַּ֨ח	『L70008』『4c.conj』『L73245』『4c.verb.hif.wayq.p3.m.sg』
וִידֵ֣י	『L70008』『4c.conj』『L70251』『4c.subs.u.du.c』
וְיָדָ֥יו	『L70008』『4c.conj』『L70251』『4c.subs.u.du.a.prs.p3.m.sg』
וְ֝יֹדְעֵ֗י	『L70008』『4c.conj』『L70198』『4c.verb.qal.ptca.u.m.pl.c』
וְ֝יֹדְעָ֗יו	『L70008』『4c.conj』『L70198』『4c.subs.qal.ptca.u.m.pl.a.prs.p3.m.sg』
וְיִהְי֤וּ	『L70008』『4c.conj』『L70010』『4c.verb.qal.impf.p3.m.pl』
וַיָּהֹֽם	『L70008』『4c.conj』『L72028』『4c.verb.qal.wayq.p3.m.sg』
וַיֹּ֣וחֶל	『L70008』『4c.conj』『L70442』『4c.verb.hif.wayq.p3.m.sg』
וַיֹּ֕וחֶר	『L70008』『4c.conj』『L71049』『4c.verb.hif.wayq.p3.m.sg』
וְיֹולֵ֥ד	『L70008』『4c.conj』『L70234』『4c.subs.qal.ptca.u.m.sg.c』
וַיִּוָּלְד֧וּ	『L70008』『4c.conj』『L70234』『4c.verb.nif.wayq.p3.m.pl』
וַיֹּ֖ורֶשׁ	『L70008』『4c.conj』『L70746』『4c.verb.hif.wayq.p3.m.sg』
וַיֹּֽושִׁיבַ֨נִי֙	『L70008』『4c.conj』『L70299』『4c.verb.hif.wayq.p3.m.sg.prs.p1.u.sg』
וַיּוּשַׂ֤ם	『L70008』『4c.conj』『L70135』『4c.verb.hof.wayq.p3.m.sg』
וִיזִיאֵ֥ל	『L70008』『4c.conj』『L79049』『4c.nmpr.m.sg.a』
וַֽיִּכְבְּשׁ֔וּם	『L70008』『4c.conj』『L70098』『4c.verb.qal.wayq.p3.m.pl.prs.p3.m.pl』
וַיַּכּוּ	『L70008』『4c.conj』『L70298』『4c.verb.hif.wayq.p3.m.pl』
וַיִּלֹּ֜ונוּ	『L70008』『4c.conj』『L72074』『4c.verb.nif.wayq.p3.m.pl』
וַיַּלִּ֤ינוּ	『L70008』『4c.conj』『L72074』『4c.verb.hif.wayq.p3.m.pl』
וְיָנ֥וּם	『L70008』『4c.conj』『L73722』『4c.nmpr.u.sg.a』
וַיָּנֽוּסוּ	『L70008』『4c.conj』『L70705』『4c.verb.qal.wayq.p3.m.pl』
וַיַּ֤עַט	『L70008』『4c.conj』『L74239』『4c.verb.qal.wayq.p3.m.sg』
וִֽיעִיאֵ֔ל	『L70008』『4c.conj』『L78456』『4c.nmpr.m.sg.a』
וִיעִיאֵ֑ל	『L70008』『4c.conj』『L78456』『4c.nmpr.m.sg.a』
וַיַּעֲלֵ֧הוּ	『L70008』『4c.conj』『L70123』『4c.verb.hif.wayq.p3.m.sg.prs.p3.m.sg』
וַיַּעֲל֨וּ	『L70008』『4c.conj』『L70123』『4c.verb.hif.wayq.p3.m.pl』
וְיַעֲמִיד֙	『L70008』『4c.conj』『L70841』『4c.verb.hif.impf.p3.m.sg』
וְיַעֲשָֽׂי	『L70008』『4c.conj』『L78507』『4c.nmpr.m.sg.a』
וַיְצַוֶּ֣ה	『L70008』『4c.conj』『L70166』『4c.verb.piel.wayq.p3.m.sg』
וַיְצַוּ֕וּ	『L70008』『4c.conj』『L70166』『4c.verb.piel.wayq.p3.m.pl』
וַיִּקָּ֣הֲל֔וּ	『L70008』『4c.conj』『L72403』『4c.verb.nif.wayq.p3.m.pl』
וַֽיְקַטְּרוּ֙	『L70008』『4c.conj』『L72354』『4c.verb.piel.wayq.p3.m.pl』
וַיִּרְאֶ֗ה	『L70008』『4c.conj』『L70022』『4c.verb.qal.wayq.p3.m.sg』
וְיָרַ֣דְתְּ	『L70008』『4c.conj』『L70592』『4c.verb.qal.perf.p2.f.sg』
וַיֹּר֨וּ	『L70008』『4c.conj』『L71322』『4c.verb.hif.wayq.p3.m.pl』
וַיָּ֔שָׁב	『L70008』『4c.conj』『L70243』『4c.verb.qal.wayq.p3.m.sg』
וַיָּשֻׁ֖בוּ	『L70008』『4c.conj』『L70243』『4c.verb.qal.wayq.p3.m.pl』
וְיִשְׁבִּ֨י	『L70008』『4c.conj』『L74555』『4c.nmpr.m.sg.a』
וְיָשֵׂ֧ם	『L70008』『4c.conj』『L70135』『4c.verb.qal.impf.p3.m.sg』
וְיִֽשְׁתַּחֲו֤וּ	『L70008』『4c.conj』『L70826』『4c.verb.hsht.impf.p3.m.pl』
וַיִּשְׁתַּחֲו֥וּ	『L70008』『4c.conj』『L70826』『4c.verb.hsht.wayq.p3.m.pl』
וַיִּֽשְׁתַּחֲוּֽוּ	『L70008』『4c.conj』『L70826』『4c.verb.hsht.wayq.p3.m.pl』
וַיִּתְאָ֥יו	『L70008』『4c.conj』『L72813』『4c.verb.hit.wayq.p3.m.sg』
וַיִּתְגָּעַ֤שׁ	『L70008』『4c.conj』『L74571』『4c.verb.hit.wayq.p3.m.sg』
וְיִתְגָּרֶ֖ה	『L70008』『4c.conj』『L73212』『4c.verb.hit.impf.p3.m.sg』
וַיְתָיו֙	『L70008』『4c.conj』『L74313』『4c.verb.piel.wayq.p3.m.sg』
וְיִתְּנֻ֗הוּ	『L70008』『4c.conj』『L70068』『4c.verb.qal.impf.p3.m.pl.prs.p3.m.sg』
וְ֠כָֽנַנְיָהוּ	『L70008』『4c.conj』『L79224』『4c.nmpr.m.sg.a』
וְכָשְׁל֖וּ	『L70008』『4c.conj』『L72733』『4c.verb.qal.perf.p3.u.pl』
וְלַגֵּאָיֹ֗ות	『L70008』『4c.conj』『L70028』『4c.prep』『L70006』『4c.art』『L72927』『4c.subs.f.pl.a』
וְלַֽנַּעֲרָה֙	『L70008』『4c.conj』『L70028』『4c.prep』『L70006』『4c.art』『L71019』『4c.subs.f.sg.a』
וּלְאֵֽילַמָּיו֙	『L70008』『4c.conj』『L70028』『4c.prep』『L74693』『4c.subs.m.pl.a.prs.p3.m.sg』
וּלְאֵלַמָּ֖יו	『L70008』『4c.conj』『L70028』『4c.prep』『L74693』『4c.subs.m.pl.a.prs.p3.m.sg』
וּלְהָתֵ֤ם	『L70008』『4c.conj』『L70028』『4c.prep』『L71713』『4c.verb.hif.infc.u.u.u.c』
וְ֝לַעֲנָוִ֗ים	『L70008』『4c.conj』『L70028』『4c.prep』『L72835』『4c.subs.m.pl.a』
וּלְשׂוּמֹ֥ו	『L70008』『4c.conj』『L70028』『4c.prep』『L70135』『4c.verb.qal.infc.u.u.u.a.prs.p3.m.sg』
וְלֹ֣א	『L70008』『4c.conj』『L70118』『4c.nega』
וְלֹ֥א	『L70008』『4c.conj』『L70118』『4c.nega』
וְלָבְשׁוּ֙	『L70008』『4c.conj』『L70247』『4c.verb.qal.perf.p3.u.pl』
וְלֹ֖ו	『L70008』『4c.conj』『L70028』『4c.prep.prs.p3.m.sg』
וְלֹ֣ו	『L70008』『4c.conj』『L70028』『4c.prep.prs.p3.m.sg』
וְלֹ֥ו	『L70008』『4c.conj』『L70028』『4c.prep.prs.p3.m.sg』
וְלֹו	『L70008』『4c.conj』『L70028』『4c.prep.prs.p3.m.sg』
וְל֨וּ	『L70008』『4c.conj』『L70819』『4c.conj』
וּ֝מִדְּבָרְךָ֗	『L70008』『4c.conj』『L70038』『4c.prep』『L70580』『4c.subs.m.sg.a.prs.p2.m.sg』
וּמֵהָאֲרִיאֵ֣ל	『L70008』『4c.conj』『L70038』『4c.prep』『L70006』『4c.art』『L76425』『4c.subs.m.sg.a』
וּמִתַּ֖חַת	『L70008』『4c.conj』『L70038』『4c.prep』『L70039』『4c.subs.m.sg.c』
וּֽמְבַהֲלִ֥ים	『L70008』『4c.conj』『L71647』『4c.verb.piel.ptca.u.m.pl.a』
וּ֝מִדְיָנִ֗ים	『L70008』『4c.conj』『L77272』『4c.subs.m.pl.a』
וּמִֽיצִיאֵ֣י	『L70008』『4c.conj』『L79226』『4c.subs.m.pl.c』
וּמַֽעַלְלֵיכֶ֖ם	『L70008』『4c.conj』『L73387』『4c.subs.m.pl.a.prs.p2.m.pl』
וּמְרַ֥ק	『L70008』『4c.conj』『L73984』『4c.subs.m.sg.c』
וְנִסְכֹּ֥ו	『L70008』『4c.conj』『L71396』『4c.subs.m.sg.a.prs.p3.m.sg』
וְנִסְתָּ֑ר	『L70008』『4c.conj』『L70294』『4c.verb.nif.perf.p3.m.sg』
וּנְצוּרֵ֥י	『L70008』『4c.conj』『L72425』『4c.subs.qal.ptcp.u.m.pl.c』
וְנִרְאֶ֥ה	『L70008』『4c.conj』『L70022』『4c.verb.qal.impf.p1.u.pl』
וְנִרְפּ֥וּ	『L70008』『4c.conj』『L71879』『4c.verb.nif.perf.p3.u.pl』
וַנָּ֤שָׁב	『L70008』『4c.conj』『L70243』『4c.verb.qal.wayq.p1.u.pl』
וְֽנָשׁ֔וּבָה	『L70008』『4c.conj』『L70243』『4c.verb.qal.impf.p1.u.pl』
וְנִשְׁקְעָ֖ה	『L70008』『4c.conj』『L72810』『4c.verb.nif.perf.p3.f.sg』
וְסוּרַי֙	『L70008』『4c.conj』『L75754』『4c.subs.m.pl.a』
וְסִיס֙	『L70008』『4c.conj』『L75916』『4c.subs.m.sg.a』
וַעֲבָדָ֖יו	『L70008』『4c.conj』『L70483』『4c.subs.m.pl.a.prs.p3.m.sg』
וְעַ֥ד	『L70008』『4c.conj』『L70242』『4c.prep』
וְעֵינָיו֙	『L70008』『4c.conj』『L70200』『4c.subs.f.du.a.prs.p3.m.sg』
וְעָלָ֞יו	『L70008』『4c.conj』『L70014』『4c.prep.prs.p3.m.sg』
וְעַמּוּדָ֣יו	『L70008』『4c.conj』『L72019』『4c.subs.m.pl.a.prs.p3.m.sg』
וְעֻנִּ֧י	『L70008』『4c.conj』『L78635』『4c.nmpr.m.sg.a』
וַעֲנֵֽנִי	『L70008』『4c.conj』『L70866』『4c.verb.qal.impv.p2.m.sg.prs.p1.u.sg』
וְעֵ֣ץ	『L70008』『4c.conj』『L70053』『4c.subs.m.sg.c』
וְעָשִׂ֥יתִי	『L70008』『4c.conj』『L70036』『4c.verb.qal.perf.p1.u.sg』
וְ֭עַתָּה	『L70008』『4c.conj』『L70249』『4c.advb』
וַעֲתוּדֹֽותֵיהֶם֙	『L70008』『4c.conj』『L75274』『4c.subs.m.pl.a.prs.p3.m.pl』
וּפִ֥י	『L70008』『4c.conj』『L70288』『4c.subs.m.sg.c』
וּפְנוּאֵ֖ל	『L70008』『4c.conj』『L78757』『4c.nmpr.m.sg.a』
וּפִצְח֥וּ	『L70008』『4c.conj』『L75333』『4c.verb.qal.impv.p2.m.pl』
וּצְבֹויִ֔ם	『L70008』『4c.conj』『L70550』『4c.nmpr.u.sg.a』
וְ֭צוּרָם	『L70008』『4c.conj』『L72111』『4c.subs.m.sg.a.prs.p3.m.pl』
וְצֹ֖חַר	『L70008』『4c.conj』『L71003』『4c.nmpr.m.sg.a』
וּצְנִ֥יף	『L70008』『4c.conj』『L75833』『4c.subs.m.sg.c』
וְצָפ֖וּי	『L70008』『4c.conj』『L71321』『4c.verb.qal.ptcp.u.m.sg.a』
וּֽצְפוּנְךָ֮	『L70008』『4c.conj』『L71830』『4c.subs.qal.ptcp.u.m.sg.a.prs.p2.m.sg』
וְקִבְּל֣וּ	『L70008』『4c.conj』『L72263』『4c.verb.piel.perf.p3.u.pl』
וְקָדְשֵׁ֖י	『L70008』『4c.conj』『L71856』『4c.subs.m.pl.c』
וְקָ֥ו	『L70008』『4c.conj』『L74731』『4c.subs.m.sg.a』
וְקָו֙	『L70008』『4c.conj』『L74731』『4c.subs.m.sg.a』
וְקִפָּאֹֽון	『L70008』『4c.conj』『L76717』『4c.subs.m.sg.a』
וְקִרְיָתָֽיְמָה	『L70008』『4c.conj』『L70694』『4c.nmpr.u.sg.a』
וּרְא֔וּ	『L70008』『4c.conj』『L70022』『4c.verb.qal.impv.p2.m.pl』
וְרָהְגָּ֖ה	『L70008』『4c.conj』『L78917』『4c.nmpr.m.sg.a』
וְרֹ֖וב	『L70008』『4c.conj』『L70796』『4c.subs.m.sg.c』
וְרָ֣ם	『L70008』『4c.conj』『L70413』『4c.verb.qal.ptca.u.m.sg.a』
וְרָמֹֽות	『L70008』『4c.conj』『L78494』『4c.nmpr.m.sg.a』
וְרֵ֪עַ	『L70008』『4c.conj』『L70583』『4c.subs.m.sg.c』
וְרֵעֹותָֽי	『L70008』『4c.conj』『L74045』『4c.subs.f.pl.a』
וְשָׁאַ֖ל	『L70008』『4c.conj』『L71043』『4c.verb.qal.perf.p3.m.sg』
וְשֻֽׁבוּ	『L70008』『4c.conj』『L70243』『4c.verb.qal.impv.p2.m.pl』
וּשְׁב֥וּת	『L70008』『4c.conj』『L73435』『4c.subs.f.sg.c』
וּשְׁבִ֣י	『L70008』『4c.conj』『L70299』『4c.verb.qal.impv.p2.f.sg』
וּֽ֭שְׁבִֽילְךָ	『L70008』『4c.conj』『L75988』『4c.subs.m.sg.a.prs.p2.m.sg』
וּשְׁוָ֖א	『L70008』『4c.conj』『L74549』『4c.nmpr.m.sg.a』
וְשַׁחֲצִ֨ימָה֙	『L70008』『4c.conj』『L73815』『4c.nmpr.u.sg.a』
וְשִׁ֥ית	『L70008』『4c.conj』『L70227』『4c.verb.qal.impv.p2.m.sg』
וְשִׁ֖ית	『L70008』『4c.conj』『L70227』『4c.verb.qal.perf.p3.m.sg』
וְשָׁכָ֑בְתְּ	『L70008』『4c.conj』『L70878』『4c.verb.qal.perf.p2.f.sg』
וּשְׁלֹמִ֥ית	『L70008』『4c.conj』『L72687』『4c.nmpr.u.sg.a』
וּשְׁמִֽירָמֹ֡ות	『L70008』『4c.conj』『L79073』『4c.nmpr.m.sg.a』
וְשֻׁפּ֥וּ	『L70008』『4c.conj』『L75309』『4c.verb.pual.perf.p3.u.pl』
וְתָאָ֗יו	『L70008』『4c.conj』『L74804』『4c.subs.m.pl.a.prs.p3.m.sg』
וְתָאָ֞יו	『L70008』『4c.conj』『L74804』『4c.subs.m.pl.a.prs.p3.m.sg』
וַתָּאֹ֖רְנָה	『L70008』『4c.conj』『L70062』『4c.verb.qal.wayq.p3.f.pl』
וַתָּבֹאת֙	『L70008』『4c.conj』『L70172』『4c.verb.qal.wayq.p2.f.sg』
וַ֠תָּבֹואנָה	『L70008』『4c.conj』『L70172』『4c.verb.qal.wayq.p3.f.pl』
וְתַחְפַּנְחֵ֑ס	『L70008』『4c.conj』『L75859』『4c.nmpr.u.sg.a』
וְתַ֥חַת	『L70008』『4c.conj』『L70039』『4c.prep.m.sg.c』
וְתִילֹ֑ון	『L70008』『4c.conj』『L78801』『4c.nmpr.m.sg.a』
וַתָּ֨לָשׁ֙	『L70008』『4c.conj』『L70836』『4c.verb.qal.wayq.p3.f.sg』
וְתִ֣מֹרָ֔יו	『L70008』『4c.conj』『L74713』『4c.subs.f.pl.a.prs.p3.m.sg』
וַתַּעְגְּבָ֥ה	『L70008』『4c.conj』『L75885』『4c.verb.qal.wayq.p3.f.sg』
וְתִצְהֲל֖וּ	『L70008』『4c.conj』『L75287』『4c.verb.qal.impf.p2.m.pl』
וַתִּקְרָ֤א	『L70008』『4c.conj』『L70027』『4c.verb.qal.wayq.p3.f.sg』
וַתֵּ֛רֶא	『L70008』『4c.conj』『L70022』『4c.verb.qal.wayq.p3.f.sg』
וְתַרְבִּ֑ית	『L70008』『4c.conj』『L72702』『4c.subs.f.sg.a』
וְתַרְמִ֣ית	『L70008』『4c.conj』『L75915』『4c.subs.f.sg.c』
וְתָשֹׁ֥וחַ	『L70008』『4c.conj』『L75146』『4c.verb.qal.impf.p3.f.sg』
וְאַ֣נְתְּ	『L75940』『4c.conj』『L77757』『4c.prps.p2.m.sg』
וְאַ֨נְתְּ	『L75940』『4c.conj』『L77757』『4c.prps.p2.m.sg』
וּבִֽישְׁתָּא֙	『L75940』『4c.conj』『L78324』『4c.adjv.f.sg.e』
וְדִ֣י	『L75940』『4c.conj』『L75938』『4c.conj』
וְדָיְרֵ֖י	『L75940』『4c.conj』『L77800』『4c.subs.peal.ptca.u.m.pl.c』
וְהַֽמְנִיכָ֥א	『L75940』『4c.conj』『L78041』『4c.subs.m.sg.e』
וְהַֽמְנִיכָ֤ה	『L75940』『4c.conj』『L78041』『4c.subs.m.sg.e』
וַחֲטָאָךְ֙	『L75940』『4c.conj』『L77987』『4c.subs.m.pl.a.prs.p2.m.sg』
וּלְעִלָּאָה֙	『L75940』『4c.conj』『L75936』『4c.prep』『L77918』『4c.subs.m.sg.e』
וּמִנְּהֵ֖ין	『L75940』『4c.conj』『L75945』『4c.prep.prs.p3.f.pl』
וּמִנְּהֵ֣ין	『L75940』『4c.conj』『L75945』『4c.prep.prs.p3.f.pl』
וּנְהֹורָ֖א	『L75940』『4c.conj』『L77732』『4c.subs.m.sg.e』
וּנְפַ֥לָה	『L75940』『4c.conj』『L77830』『4c.verb.peal.perf.p3.f.pl』
וְסוּפֹּ֣נְיָ֔ה	『L75940』『4c.conj』『L77876』『4c.subs.f.sg.a』
וּפִשְׁרֵ֖הּ	『L75940』『4c.conj』『L77635』『4c.subs.m.sg.a.prs.p3.f.sg』
וְקָֽיְמִין֙	『L75940』『4c.conj』『L77725』『4c.verb.peal.ptca.u.m.pl.a』
וְרַבְרְבָנָ֜ךְ	『L75940』『4c.conj』『L78010』『4c.subs.m.pl.a.prs.p2.m.sg』
וְשׁוּרַיָּ֣א	『L75940』『4c.conj』『L78325』『4c.subs.m.pl.e』
זְבוּדָּ֥ה	『L75099』『4c.nmpr.f.sg.a』
זֶּ֣ה	『L70337』『4c.prde.m.sg』
זָיְעִ֥ין	『L78051』『4c.adjv.peal.ptca.u.m.pl.a』
זָיְעִין֙	『L78051』『4c.verb.peal.ptca.u.m.pl.a』
זַכַּ֖י	『L78214』『4c.nmpr.m.sg.a』
זָכַ֖רְתְּ	『L70421』『4c.verb.qal.perf.p2.f.sg』
זָכַרְתְּ֙	『L70421』『4c.verb.qal.perf.p2.f.sg』
חֲבֵרָ֑יו	『L74110』『4c.subs.m.pl.a.prs.p3.m.sg』
חֲבֵרָֽיו	『L74110』『4c.subs.m.pl.a.prs.p3.m.sg』
חוּרָ֗ם	『L74414』『4c.nmpr.m.sg.a』
חוּרָ֨ם	『L74414』『4c.nmpr.m.sg.a』
חוּרָם֙	『L74414』『4c.nmpr.m.sg.a』
חֽוּשָׁה	『L73116』『4c.verb.qal.impv.p2.m.sg』
חַחִים֙	『L72435』『4c.subs.m.pl.a』
חֲטָאָֽיו	『L71572』『4c.subs.m.pl.a.prs.p3.m.sg』
חַטָּאת֙	『L70281』『4c.subs.f.sg.a』
חַטֹּאתָיו֙	『L70281』『4c.subs.f.pl.a.prs.p3.m.sg』
חַ֛יִל	『L71377』『4c.subs.m.sg.a』
חֵ֣יל	『L71377』『4c.subs.m.sg.c』
חֵֽיקְךָ֣	『L70790』『4c.subs.m.sg.a.prs.p2.m.sg』
חֲלָצָ֑יו	『L71393』『4c.subs.f.du.a.prs.p3.m.sg』
חֲמוּטַ֥ל	『L75095』『4c.nmpr.f.sg.a』
חֳ֭מַרְמְרוּ	『L77107』『4c.verb.piel.perf.p3.u.pl』
חֲמֵ֥שׁ	『L70345』『4c.subs.u.sg.c』
חֲמִשָּׁ֤ה	『L70345』『4c.subs.f.sg.a』
חֲנִ֣ית	『L74218』『4c.subs.f.sg.c』
חֶ֖סֶד	『L70897』『4c.subs.m.sg.a』
חַסְדִּ֣י	『L70897』『4c.subs.m.sg.a.prs.p1.u.sg』
חֲסָדָֽיו	『L70897』『4c.subs.m.pl.a.prs.p3.m.sg』
חֲסִידָ֣יו	『L73499』『4c.subs.m.pl.a.prs.p3.m.sg』
חֲסִידָיו֙	『L73499』『4c.subs.m.pl.a.prs.p3.m.sg』
חִ֝צָּ֗יו	『L71790』『4c.subs.m.pl.a.prs.p3.m.sg』
חָצֵ֖ר	『L71086』『4c.subs.u.sg.a』
חֶצְרַי֙	『L74629』『4c.nmpr.m.sg.a』
חֻקָּ֥יו	『L71719』『4c.subs.m.pl.a.prs.p3.m.sg』
חִתִּיתִ֖י	『L76322』『4c.subs.f.sg.a.prs.p1.u.sg』
טְהָר	『L70402』『4c.adjv.m.sg.c』
טְחֹרֵ֣י	『L73393』『4c.subs.m.pl.c』
טְחֹרֵיכֶ֜ם	『L73393』『4c.subs.m.pl.a.prs.p2.m.pl』
טְחֹרִֽים	『L73393』『4c.subs.m.pl.a』
יָבִ֬ין	『L71581』『4c.verb.qal.impf.p3.m.sg』
יָ֭גִיל	『L75253』『4c.verb.qal.impf.p3.m.sg』
יַ֥ד	『L70251』『4c.subs.u.sg.c』
יְדוּרָן֙	『L77800』『4c.verb.peal.impf.p3.f.pl』
יְדוּת֗וּן	『L76805』『4c.subs.u.sg.a』
יְדוּתֽוּן	『L78621』『4c.nmpr.m.sg.a』
יְדֵי֙	『L70251』『4c.subs.u.du.c』
יַדַּ֥י	『L78514』『4c.nmpr.m.sg.a』
יָדָ֗יו	『L70251』『4c.subs.u.du.a.prs.p3.m.sg』
יָדָ֛יו	『L70251』『4c.subs.u.du.a.prs.p3.m.sg』
יָדָֽיו	『L70251』『4c.subs.u.du.a.prs.p3.m.sg』
יָדְךָ֛	『L70251』『4c.subs.u.sg.a.prs.p2.m.sg』
יָדְךָ֣	『L70251』『4c.subs.u.sg.a.prs.p2.m.sg』
יִדְכֶּ֥ה	『L76749』『4c.verb.qal.impf.p3.m.sg』
יִדַּ֖עְתָּ	『L70198』『4c.verb.piel.perf.p2.m.sg』
יָ֭דַעְתִּי	『L70198』『4c.verb.qal.perf.p1.u.sg』
יָדַ֗עְתִּי	『L70198』『4c.verb.qal.perf.p1.u.sg』
יִדְרֹ֤ךְ	『L72991』『4c.verb.qal.impf.p3.m.sg』
יְהֹֽועַדָּ֖ן	『L74961』『4c.nmpr.m.sg.a』
יִֽהְיֶ֣ה	『L70010』『4c.verb.qal.impf.p3.m.sg』
יִֽהְיוּ	『L70010』『4c.verb.qal.impf.p3.m.pl』
יוּמָֽת	『L70168』『4c.verb.hof.impf.p3.m.sg』
יֹונִֽים	『L72185』『4c.subs.qal.ptca.u.m.pl.a』
יֹוצִ֣יאוּ	『L70056』『4c.verb.hif.impf.p3.m.pl』
יֹורֶ֥ה	『L73283』『4c.subs.m.sg.a』
יֹושֶׁ֖בֶת	『L70299』『4c.verb.qal.ptca.u.f.sg.a』
יִזְנ֥וּ	『L71384』『4c.verb.qal.impf.p3.m.pl』
יְחֻבַּ֔ר	『L70683』『4c.verb.pual.impf.p3.m.sg』
יַחְדָּֽיו	『L70649』『4c.advb』
יְחִיאֵ֣ל	『L78453』『4c.nmpr.m.sg.a』
יֶחְכָּ֑ם	『L71819』『4c.verb.qal.impf.p3.m.sg』
יַכִּ֖יר	『L71159』『4c.verb.hif.impf.p3.m.sg』
יְכַלּ֣וּ	『L70105』『4c.verb.piel.impf.p3.m.pl』
יָכְל֥וּ	『L70650』『4c.verb.qal.perf.p3.u.pl』
יְכָלְיָ֖ה	『L74969』『4c.nmpr.f.sg.a』
יְכָנְיָ֨ה	『L76031』『4c.nmpr.m.sg.a』
יְכַסֵּֽימֹויִמֹּ֥וטוּ	『L70415』『4c.verb.piel.impf.p3.m.sg.prs.p3.m.pl』『L72701』『4c.verb.nif.impf.p3.m.pl』
יַכְשִֽׁילוּ	『L72733』『4c.verb.hif.impf.p3.m.pl』
יְ֭לָדָיו	『L70328』『4c.subs.m.pl.a.prs.p3.m.sg』
יְלִדְתָּ֔נוּ	『L70234』『4c.verb.qal.perf.p2.m.sg.prs.p1.u.pl』
יָמֽוּת	『L70168』『4c.verb.qal.impf.p3.m.sg』
יָמָיו֙	『L70029』『4c.subs.m.pl.a.prs.p3.m.sg』
יְמִינִ֑י	『L73910』『4c.subs.m.sg.a』
יִנֹּ֪ון	『L76899』『4c.verb.nif.impf.p3.m.sg』
יְנִיע֣וּן	『L70290』『4c.verb.hif.impf.p3.m.pl』
יִסְגָּד	『L75714』『4c.verb.qal.impf.p3.m.sg』
יִסְלַח	『L72427』『4c.verb.qal.impf.p3.m.sg』
יָסַ֥ף	『L70265』『4c.verb.qal.perf.p3.m.sg』
יַעֲבִ֖יר	『L70422』『4c.verb.hif.impf.p3.m.sg』
יַעֲבָר	『L70422』『4c.verb.qal.impf.p3.m.sg』
יַֽעֲבֹר֙	『L70422』『4c.verb.qal.impf.p3.m.sg』
יֶעְדֹּ֣ו	『L79184』『4c.nmpr.m.sg.a』
יָע֥וּף	『L70076』『4c.verb.qal.impf.p3.m.sg』
יְע֡וּשׁ	『L71410』『4c.nmpr.m.sg.a』
יְע֥וּשׁ	『L71410』『4c.nmpr.m.sg.a』
יְעִיאֵ֑ל	『L78456』『4c.nmpr.m.sg.a』
יְעִיאֵ֣ל	『L78456』『4c.nmpr.m.sg.a』
יָעִ֗יר	『L79094』『4c.nmpr.m.sg.a』
יַ֣עַשׂ	『L70036』『4c.verb.qal.impf.p3.m.sg』
יַעֲשֶׂ֨ה	『L70036』『4c.verb.qal.impf.p3.m.sg』
יַעֲשׂ֨וּ	『L70036』『4c.verb.qal.impf.p3.m.pl』
יִפָּל	『L70175』『4c.verb.qal.impf.p3.m.sg』
יֵצֵֽא	『L70056』『4c.verb.qal.impf.p3.m.sg』
יָצָ֜אתִי	『L70056』『4c.verb.qal.perf.p1.u.sg』
יָצִ֨יעַ֙	『L74696』『4c.subs.m.sg.a』
יִצְפֹּ֗ונוּ	『L71830』『4c.verb.qal.impf.p3.m.pl』
יִצְפֹּ֣ן	『L71830』『4c.verb.qal.impf.p3.m.sg』
יִקָּ֑חוּ	『L70163』『4c.verb.qal.impf.p3.m.pl』
יִקְצֹ֑ורוּ	『L72624』『4c.verb.qal.impf.p3.m.pl』
יִקְצָר	『L72624』『4c.verb.qal.impf.p3.m.sg』
יְקַר	『L74160』『4c.adjv.m.sg.c』
יִקְרְח֤וּ	『L72651』『4c.verb.qal.impf.p3.m.pl』
יִרְאֶה֙	『L70022』『4c.verb.qal.impf.p3.m.sg』
יִ֧רֶ֞ב	『L70083』『4c.verb.qal.impf.p3.m.sg』
יָר֖וּמוּ	『L70413』『4c.verb.qal.impf.p3.m.pl』
יֵרָתֵק֙	『L76625』『4c.verb.nif.impf.p3.m.sg』
יִשְׁאַ֨ג	『L74061』『4c.verb.qal.impf.p3.m.sg』
יֹשְׁבֵ֨י	『L70299』『4c.subs.qal.ptca.u.m.pl.c』
יֹשְׁבֵ֣י	『L70299』『4c.verb.qal.ptca.u.m.pl.c』
יֹשֶׁ֖בֶת	『L70299』『4c.verb.qal.ptca.u.f.sg.a』
יֹשַׁבְתְּ֙	『L70299』『4c.verb.qal.ptca.u.f.sg.a』
יְשָׁדֵּֽם	『L73971』『4c.verb.qal.impf.p3.m.sg.prs.p3.m.pl』
יָשׁ֣וּב	『L70243』『4c.verb.qal.impf.p3.m.sg』
יָשֹׁ֨וב	『L70299』『4c.advb.qal.infa.u.u.u.a』
יָשׁ֥וּב	『L73036』『4c.nmpr.m.sg.a』
יַשִּׁ֤י	『L70223』『4c.verb.hif.impf.p3.m.sg』
יָשִׁ֣יב	『L70243』『4c.verb.hif.impf.p3.m.sg』
יָשִׁ֥יב	『L70243』『4c.verb.hif.impf.p3.m.sg』
יִשְׁכָּבֶ֔נָּה	『L70878』『4c.verb.qal.impf.p3.m.sg.prs.p3.f.sg』
יִשְׂמַח	『L71875』『4c.verb.qal.impf.p3.m.sg』
יִשְׁפְּטֻ֑הוּ	『L70791』『4c.verb.qal.impf.p3.m.pl.prs.p3.m.sg』
יִשְׂרָאֵ֔ל	『L71341』『4c.nmpr.u.sg.a』
יֻתַּן	『L70068』『4c.verb.hof.impf.p3.m.sg』
יִתְרִ֣י	『L74081』『4c.subs.m.sg.a.prs.p1.u.sg』
כַּיְעֵנִ֖ים	『L70092』『4c.prep』『L70006』『4c.art』『L77530』『4c.subs.m.pl.a』
כְּאָמְרָ֤ם	『L70092』『4c.prep』『L70020』『4c.verb.qal.infc.u.u.u.a.prs.p3.m.pl』
כִּדְבָרְךָ֥	『L70092』『4c.prep』『L70580』『4c.subs.m.sg.a.prs.p2.m.sg』
כִּדְרָכָ֔יו	『L70092』『4c.prep』『L70260』『4c.subs.m.pl.a.prs.p3.m.sg』
כְּחֹ֣ם	『L70092』『4c.prep』『L70823』『4c.verb.qal.infc.u.u.u.c』
כְּטֹ֣וב	『L70092』『4c.prep』『L70024』『4c.verb.qal.infc.u.u.u.c』
כְּכֹ֖ל	『L70092』『4c.prep』『L70078』『4c.subs.m.sg.a』
כַּעֲלֹ֥ות	『L70092』『4c.prep』『L70123』『4c.verb.qal.infc.u.u.u.c』
כַּעֲלֹ֨ות	『L70092』『4c.prep』『L70123』『4c.verb.qal.infc.u.u.u.c』
כִּקְסָם	『L70092』『4c.prep』『L73325』『4c.verb.qal.infc.u.u.u.c』
כְּשֶׁסָּכָ֥ל	『L70092』『4c.prep』『L70363』『4c.conj』『L75881』『4c.subs.m.sg.a』
כְשֹׁואָ֨ה	『L70092』『4c.prep』『L75267』『4c.subs.f.sg.a』
כְּשָׁמְעֹ֖ו	『L70092』『4c.prep』『L70211』『4c.verb.qal.infc.u.u.u.a.prs.p3.m.sg』
כְּֽשָׁמְעֲךָ֞	『L70092』『4c.prep』『L70211』『4c.verb.qal.infc.u.u.u.a.prs.p2.m.sg』
כְּשָׁמְעֲכֶם֙	『L70092』『4c.prep』『L70211』『4c.verb.qal.infc.u.u.u.a.prs.p2.m.pl』
כָּאִֽים	『L76750』『4c.subs.m.pl.a』
כֹּ֣ה	『L70750』『4c.advb』
כֹּחִ֗י	『L70289』『4c.subs.m.sg.a.prs.p1.u.sg』
כִּ֗י	『L70023』『4c.conj』
כִּ֤י	『L70023』『4c.conj』
כִּ֥י	『L70023』『4c.conj』
כֹּ֖ל	『L70078』『4c.subs.m.sg.c』
כָלִבִּֽי	『L74333』『4c.subs.m.sg.a』
כָּלְּהֵ֑ין	『L76970』『4c.subs.m.sg.a.prs.p3.f.pl』
כְּלֽוּהוּ	『L78505』『4c.nmpr.m.sg.a』
כִּמְהָ֔ם	『L74536』『4c.nmpr.m.sg.a』
כְמֹושׁ֙	『L72937』『4c.nmpr.m.sg.a』
כֵּ֥ן	『L70040』『4c.advb』
כְּנָוֹתָ֔יו	『L78295』『4c.subs.f.pl.a.prs.p3.m.sg』
כָּֽנַנְיָ֣הוּ	『L79224』『4c.nmpr.m.sg.a』
כָּֽנַנְיָ֨הוּ֙	『L79224』『4c.nmpr.m.sg.a』
כְּנָפָ֣יו	『L70080』『4c.subs.f.du.a.prs.p3.m.sg』
כְּנָפַ֖יִם	『L70080』『4c.subs.f.du.a』
כַּסְדָּאָ֑ה	『L77638』『4c.subs.m.sg.e』
כְסוּתֹו֙	『L70930』『4c.subs.f.sg.a.prs.p3.m.sg』
כִּסְלֵיו֙	『L76697』『4c.nmpr.u.sg.a』
כַּפָּ֔יו	『L70436』『4c.subs.f.du.a.prs.p3.m.sg』
כַשְׂדָּאָֽה	『L77638』『4c.subs.m.sg.e』
כַשְׂדָּאֵ֤י	『L77638』『4c.subs.m.pl.e』
כַּשְׂדָּאֵ֖י	『L77638』『4c.subs.m.pl.e』
כַשְׂדִּ֔ים	『L70607』『4c.nmpr.m.pl.a』
כַּשְׂדִּ֗ים	『L70607』『4c.nmpr.m.pl.a』
כְּתָב	『L72118』『4c.verb.qal.impv.p2.m.sg』
כִּתִּיִּֽים	『L70497』『4c.nmpr.m.pl.a』
כִּתִּים֙	『L70497』『4c.nmpr.m.pl.a』
לַבֵּ֣ן	『L70028』『4c.prep』『L70006』『4c.art』『L70235』『4c.subs.m.sg.a』
לַמְחַצְּרִ֨ים	『L70028』『4c.prep』『L70006』『4c.art』『L79081』『4c.subs.piel.ptca.u.m.pl.a』
לַֽנַּעֲרָ֖ה	『L70028』『4c.prep』『L70006』『4c.art』『L71019』『4c.subs.f.sg.a』
לַֽנַּעֲרָֽה	『L70028』『4c.prep』『L70006』『4c.art』『L71019』『4c.subs.f.sg.a』
לַאֲבִיגַ֕יִל	『L70028』『4c.prep』『L74331』『4c.nmpr.f.sg.a』
לְאֹהָלָֽיו	『L70028』『4c.prep』『L70312』『4c.subs.m.pl.a.prs.p3.m.sg』
לֶאֱכָל	『L70028』『4c.prep』『L70167』『4c.verb.qal.infc.u.u.u.c』
לְבַז֙	『L70028』『4c.prep』『L72877』『4c.subs.m.sg.a』
לִגְאֵ֥י	『L70028』『4c.prep』『L75149』『4c.subs.m.pl.c』
לִגְאָל	『L70028』『4c.prep』『L71729』『4c.verb.qal.infc.u.u.u.a』
לִדְבָרְךָ֥	『L70028』『4c.prep』『L70580』『4c.subs.m.sg.a.prs.p2.m.sg』
לְדֹואֵ֔ג	『L70028』『4c.prep』『L74307』『4c.nmpr.m.sg.a』
לְדַיָּגִ֥ים	『L70028』『4c.prep』『L75411』『4c.subs.m.pl.a』
לְהַגִּ֥יד	『L70028』『4c.prep』『L70218』『4c.verb.hif.infc.u.u.u.a』
לַהֲשִׁיבָ֔הּ	『L70028』『4c.prep』『L70243』『4c.verb.hif.infc.u.u.u.a.prs.p3.f.sg』
לְזַֽעֲוָ֔ה	『L70028』『4c.prep』『L73392』『4c.subs.f.sg.a』
לְזַֽעֲוָה֙	『L70028』『4c.prep』『L73392』『4c.subs.f.sg.a』
לְזַעֲוָ֔ה	『L70028』『4c.prep』『L73392』『4c.subs.f.sg.a』
לְזַעֲוָ֜ה	『L70028』『4c.prep』『L73392』『4c.subs.f.sg.a』
לְזַעֲוָ֣ה	『L70028』『4c.prep』『L73392』『4c.subs.f.sg.a』
לִֽידוּת֗וּן	『L70028』『4c.prep』『L76805』『4c.subs.u.sg.a』
לְכָל	『L70028』『4c.prep』『L70078』『4c.subs.m.sg.c』
לְמֹֽוצָאֹ֖ות	『L70028』『4c.prep』『L74939』『4c.subs.f.pl.a』
לִמְלִ֨יכוּ֙	『L70028』『4c.prep』『L78638』『4c.nmpr.m.sg.a』
לִמְעָל	『L70028』『4c.prep』『L72482』『4c.verb.qal.infc.u.u.u.c』
לְמַעֲנִיתָֽם	『L70028』『4c.prep』『L76997』『4c.subs.f.sg.a.prs.p3.m.pl』
לְמַרְבֵּ֨ה	『L70028』『4c.prep』『L75259』『4c.subs.m.sg.c』
לִמְשִׁיסָּ֧ה	『L70028』『4c.prep』『L75072』『4c.subs.f.sg.a』
לְמִשְׁפְּחֹתָ֔יו	『L70028』『4c.prep』『L70448』『4c.subs.f.pl.a.prs.p3.m.sg』
לְמִשְׁפָּ֔ט	『L70028』『4c.prep』『L70855』『4c.subs.m.sg.a』
לְסִ֑יג	『L70028』『4c.prep』『L75132』『4c.subs.m.sg.a』
לַֽעֲבָר	『L70028』『4c.prep』『L70422』『4c.verb.qal.infc.u.u.u.a』
לְעִדֹּ֥וא	『L70028』『4c.prep』『L74671』『4c.nmpr.m.sg.a』
לַעְזֹֽור	『L70028』『4c.prep』『L71795』『4c.verb.qal.infc.u.u.u.a』
לְקֹוָ֔יו	『L70028』『4c.prep』『L71777』『4c.subs.qal.ptca.u.m.pl.a.prs.p3.m.sg』
לָרִ֣יב	『L70028』『4c.prep』『L71129』『4c.verb.qal.infc.u.u.u.a』
לְרֵֽעֲךָ֨	『L70028』『4c.prep』『L70583』『4c.subs.m.sg.a.prs.p2.m.sg』
לִשְׁאָל	『L70028』『4c.prep』『L71043』『4c.verb.qal.infc.u.u.u.a』
לָשִׁ֣יר	『L70028』『4c.prep』『L72033』『4c.verb.qal.infc.u.u.u.a』
לֵֽאלָהָךְ֙	『L75936』『4c.prep』『L75937』『4c.subs.m.pl.a.prs.p2.m.sg』
לְחַטָּאָ֤ה	『L75936』『4c.prep』『L78407』『4c.subs.f.sg.a』
לְכַשְׂדָּאֵ֔י	『L75936』『4c.prep』『L77638』『4c.subs.m.pl.e』
לְעַבְדָ֖ךְ	『L75936』『4c.prep』『L77634』『4c.subs.m.pl.a.prs.p2.m.sg』
לְעָרָֽךְ	『L75936』『4c.prep』『L77979』『4c.subs.m.pl.a.prs.p2.m.sg』
לְשָֽׂנְאָ֖ךְ	『L75936』『4c.prep』『L77978』『4c.subs.peal.ptca.u.m.pl.a.prs.p2.m.sg』
לִשְׁרֹשִׁ֔י	『L75936』『4c.prep』『L78445』『4c.subs.f.sg.a』
לֹֽא	『L70118』『4c.nega』
לֹא֙	『L70118』『4c.nega』
לָהּ֙	『L70028』『4c.prep』
לֹ֑ו	『L70028』『4c.prep.prs.p3.m.sg』
לֹ֖ו	『L70028』『4c.prep.prs.p3.m.sg』
לֹ֣ו	『L70028』『4c.prep.prs.p3.m.sg』
לֹ֤ו	『L70028』『4c.prep.prs.p3.m.sg』
לֹ֥ו	『L70028』『4c.prep.prs.p3.m.sg』
לֹֽו	『L70028』『4c.prep.prs.p3.m.sg』
לֹו	『L70028』『4c.prep.prs.p3.m.sg』
ל֣וּ	『L70819』『4c.conj』
לוּדִ֧ים	『L70523』『4c.nmpr.m.pl.a』
לִ֖י	『L70028』『4c.prep.prs.p1.u.sg』
לִּי	『L70028』『4c.prep.prs.p1.u.sg』
לָֽיִשׁ	『L74339』『4c.nmpr.m.sg.a』
לָ֖ךְ	『L70028』『4c.prep.prs.p2.f.sg』
לָ֛ךְ	『L70028』『4c.prep.prs.p2.f.sg』
לְכָ֖ה	『L70159』『4c.verb.qal.impv.p2.m.sg』
לְכָ֥ה	『L70159』『4c.verb.qal.impv.p2.m.sg』
לְכָה	『L70159』『4c.verb.qal.impv.p2.m.sg』
לָּכֶם֙	『L70028』『4c.prep.prs.p2.m.pl』
לִמַּ֖דְתְּ	『L73241』『4c.verb.piel.perf.p2.f.sg』
לָ֜נוּ	『L70028』『4c.prep.prs.p1.u.pl』
מֵֽאָדָ֤ם	『L70038』『4c.prep』『L73523』『4c.nmpr.u.sg.a』
מֵאַ֖יִן	『L70038』『4c.prep』『L71203』『4c.inrg』
מֵאֵ֖שׁ	『L70038』『4c.prep』『L70780』『4c.subs.u.sg.a』
מֵאִתִּֽי	『L70038』『4c.prep』『L70264』『4c.prep.prs.p1.u.sg』
מִבִּנְיָמִ֗ין	『L70038』『4c.prep』『L71401』『4c.nmpr.u.sg.a』
מִבַּת	『L70038』『4c.prep』『L70343』『4c.subs.f.sg.c』
מִדָּֽנִיאֵ֑ל	『L70038』『4c.prep』『L76226』『4c.nmpr.m.sg.a』
מֵֽהַמְּעָרָ֔ה	『L70038』『4c.prep』『L70006』『4c.art』『L70906』『4c.subs.f.sg.a』
מֵהַרְבַּ֞ת	『L70038』『4c.prep』『L74496』『4c.subs.f.sg.c』
מִֽטַּבְּעֹתָ֞יו	『L70038』『4c.prep』『L71589』『4c.subs.f.pl.a.prs.p3.m.sg』
מִיָּדָיו֙	『L70038』『4c.prep』『L70251』『4c.subs.u.du.a.prs.p3.m.sg』
מִיָּמִ֗ין	『L70038』『4c.prep』『L70658』『4c.subs.f.sg.a』
מִיָּֽרְדִי	『L70038』『4c.prep』『L70592』『4c.verb.qal.infc.u.u.u.a.prs.p1.u.sg』
מִֽיַּרְכְּתֵ֤י	『L70038』『4c.prep』『L71766』『4c.subs.f.du.c』
מִלִּבֹּ֑ו	『L70038』『4c.prep』『L70372』『4c.subs.m.sg.a.prs.p3.m.sg』
מִמְּלֹ֖ךְ	『L70038』『4c.prep』『L71447』『4c.verb.qal.infc.u.u.u.a』
מִמַּעַרְכֹ֣ות	『L70038』『4c.prep』『L72449』『4c.subs.f.pl.c』
מִנָּיֹ֖ות	『L70038』『4c.prep』『L74293』『4c.nmpr.u.sg.a』
מֵעֵ֣בֶר	『L70038』『4c.prep』『L71810』『4c.subs.m.sg.c』
מֵעֲלֵ֖י	『L70038』『4c.prep』『L70014』『4c.prep』
מִפְּנִינִ֑ים	『L70038』『4c.prep』『L77161』『4c.subs.m.pl.a』
מִתַּזְנוּתָֽיִךְ	『L70038』『4c.prep』『L76236』『4c.subs.f.pl.a.prs.p2.f.sg』
מֵאֹ֥ות	『L70340』『4c.subs.f.pl.a』
מְבֹהֶ֣לֶת	『L71647』『4c.verb.pual.ptcp.u.f.sg.a』
מֵבִ֜יא	『L70172』『4c.verb.hif.ptca.u.m.sg.a』
מֵבִ֤יא	『L70172』『4c.verb.hif.ptca.u.m.sg.a』
מֵבִ֨יא	『L70172』『4c.verb.hif.ptca.u.m.sg.a』
מִבְרָחָ֤יו	『L76260』『4c.subs.m.pl.a.prs.p3.m.sg』
מִגְדֹּ֖ול	『L74593』『4c.subs.m.sg.c』
מַגְדִּיל֮	『L70615』『4c.verb.hif.ptca.u.m.sg.a』
מָֽדָאָ֔ה	『L78069』『4c.subs.m.sg.e』
מָדֹ֗ון	『L74564』『4c.subs.m.sg.a』
מִ֝דְיָנִ֗ים	『L77272』『4c.subs.m.pl.a』
מִדְיָנִ֣ים	『L77272』『4c.subs.m.pl.a』
מִדְיָנִ֥ים	『L77272』『4c.subs.m.pl.a』
מִדְיָנִ֨ים	『L77272』『4c.subs.m.pl.a』
מַה	『L70173』『4c.prin.u.u』
מַּה	『L70173』『4c.prin.u.u』
מָ֣ה	『L70173』『4c.prin.u.u』
מֹ֣ובָאֶ֔ךָ	『L74398』『4c.subs.m.sg.a.prs.p2.m.sg』
מֹודַ֣ע	『L77273』『4c.subs.m.sg.a』
מוּדַ֥עַת	『L70198』『4c.verb.hof.ptcp.u.f.sg.a』
מוּם֩	『L72656』『4c.subs.m.sg.a』
מוּסְדֹ֤ות	『L75596』『4c.subs.f.pl.c』
מוּסַ֨ךְ	『L74993』『4c.subs.m.sg.c』
מֹוצָֽקֶת	『L71194』『4c.verb.hif.ptca.u.f.sg.a』
מָ֨וֶת	『L70947』『4c.subs.m.sg.a』
מִזְבְּחֹותָ֑ם	『L70449』『4c.subs.m.pl.a.prs.p3.m.pl』
מִזְבְּחֹתָ֤יו	『L70449』『4c.subs.m.pl.a.prs.p3.m.sg』
מַחֲמַדֵּיהֶ֛ם	『L74852』『4c.subs.m.pl.a.prs.p3.m.pl』
מַחְצְרִ֑ים	『L79081』『4c.verb.hif.ptca.u.m.pl.a』
מַחְצְרִ֖ים	『L79081』『4c.verb.hif.ptca.u.m.pl.a』
מַחְצְרִ֣ים	『L79081』『4c.verb.hif.ptca.u.m.pl.a』
מַחְצְרִים֙	『L79081』『4c.verb.hif.ptca.u.m.pl.a』
מַטָּעַ֛י	『L75826』『4c.subs.m.pl.a.prs.p1.u.sg』
מִיכָה֙	『L74093』『4c.nmpr.m.sg.a』
מִיכָ֥יְהוּ	『L74091』『4c.nmpr.m.sg.a』
מֵֽימֵי	『L70019』『4c.subs.m.pl.c』
מֵימֵ֥י	『L70019』『4c.subs.m.pl.c』
מֵיפָֽעַת	『L73614』『4c.nmpr.u.sg.a』
מֶ֨לַח֙	『L70686』『4c.subs.m.sg.a』
מָלְכָ֥ה	『L71447』『4c.verb.qal.impv.p2.m.sg』
מָלְכִ֥י	『L71447』『4c.verb.qal.impv.p2.f.sg』
מְלָשְׁנִ֬י	『L76951』『4c.verb.piel.ptca.u.m.sg.a』
מְמוּכָ֗ן	『L77566』『4c.nmpr.m.sg.a』
מִ֥ן	『L70038』『4c.prep』
מִן	『L70038』『4c.prep』
מִנְּהֵ֞ין	『L75945』『4c.prep.prs.p3.f.pl』
מִנְּהֵ֥ין	『L75945』『4c.prep.prs.p3.f.pl』
מִנְּהֵין֙	『L75945』『4c.prep.prs.p3.f.pl』
מִסְגְּרֹתֶ֔יהָ	『L72241』『4c.subs.f.pl.a.prs.p3.f.sg』
מְעוּנִ֖ים	『L78257』『4c.nmpr.m.pl.a』
מָעֻזֹּֽו	『L73986』『4c.subs.m.sg.a.prs.p3.m.sg』
מַעֲלֹותָ֔יו	『L72150』『4c.subs.f.pl.a.prs.p3.m.sg』
מַעֲלָֽיו	『L73559』『4c.subs.m.pl.a.prs.p3.m.sg』
מַעַלְלֵיכֶֽם	『L73387』『4c.subs.m.pl.a.prs.p2.m.pl』
מָצָ֣א	『L70174』『4c.verb.qal.perf.p3.m.sg』
מִצְוֹתָֽי	『L71115』『4c.subs.f.pl.a.prs.p1.u.sg』
מִצְוֹתָ֖יו	『L71115』『4c.subs.f.pl.a.prs.p3.m.sg』
מִצְוֹתָיו֙	『L71115』『4c.subs.f.pl.a.prs.p3.m.sg』
מְקֻנַּ֖נְתְּ	『L75634』『4c.verb.pual.ptcp.u.f.sg.a』
מְרַאֲשֹׁתָ֑יו	『L71187』『4c.advb.f.pl.a.prs.p3.m.sg』
מְרַאֲשֹׁתָ֛יו	『L71187』『4c.advb.f.pl.a.prs.p3.m.sg』
מְרַאֲשֹׁתָֽיו	『L71187』『4c.advb.f.pl.a.prs.p3.m.sg』
מַרְגְּלֹתָיו֙	『L77385』『4c.subs.f.pl.a.prs.p3.m.sg』
מָרִ֕י	『L77837』『4c.subs.m.sg.a.prs.p1.u.sg』
מָרִ֥י	『L77837』『4c.subs.m.sg.a.prs.p1.u.sg』
מְרִיבָ֗יו	『L71129』『4c.subs.hif.ptca.u.m.pl.a.prs.p3.m.sg』
מֹשְׁלָ֤יו	『L70069』『4c.subs.qal.ptca.u.m.pl.a.prs.p3.m.sg』
מִשְׁפָּטָ֑יו	『L70855』『4c.subs.m.pl.a.prs.p3.m.sg』
מִשְׁפָּטָ֖יו	『L70855』『4c.subs.m.pl.a.prs.p3.m.sg』
מְשָׁרְתָ֜יו	『L71536』『4c.subs.piel.ptca.u.m.pl.a.prs.p3.m.sg』
נְבוּכַדְנֶצַּ֥ר	『L75101』『4c.nmpr.m.sg.a』
נְבֽוּכַדְרֶאצַּ֣ר	『L76001』『4c.nmpr.m.sg.a』
נְבִיָּ֔א	『L78352』『4c.subs.m.sg.e』
נְבִיָּ֗א	『L78352』『4c.subs.m.sg.e』
נְבִיאֵ֨י	『L70922』『4c.subs.m.pl.c』
נְבִיַּיָּ֔א	『L78352』『4c.subs.m.pl.e』
נְבִיַּיָּ֥א	『L78352』『4c.subs.m.pl.e』
נ֝֗וּדִי	『L70291』『4c.verb.qal.impv.p2.f.sg』
נֹושָֽׁבוּ	『L70299』『4c.verb.nif.perf.p3.u.pl』
נְטוּיֹ֣ות	『L70624』『4c.adjv.qal.ptcp.u.f.pl.c』
נָטָ֣יוּ	『L70624』『4c.verb.qal.perf.p3.u.pl』
נָ֣טְעָה	『L70131』『4c.verb.qal.perf.p3.f.sg』
נִ֣יב	『L75802』『4c.subs.m.sg.c』
נֵיבָֽי	『L78593』『4c.nmpr.m.sg.a』
נָיֹ֖ות	『L74293』『4c.nmpr.u.sg.a』
נָכְרִיָּ֣ה	『L71283』『4c.subs.f.sg.a』
נְכֹתֹ֡ו	『L75066』『4c.subs.f.sg.a.prs.p3.m.sg』
נִמְצָ֑א	『L70174』『4c.verb.nif.perf.p3.m.sg』
נַעֲרָ֣ה	『L71019』『4c.subs.f.sg.a』
נַעֲרָ֤ה	『L71019』『4c.subs.f.sg.a』
נְפוּסִֽים	『L78258』『4c.nmpr.m.pl.a』
נָפֹ֖וצֶת	『L70542』『4c.verb.nif.ptca.u.f.sg.a』
נְפִֽישְׁסִֽים	『L78570』『4c.nmpr.m.pl.a』
נְפַ֨קָה֙	『L77690』『4c.verb.peal.perf.p3.f.pl』
נַפְשָׁהּ֙	『L70073』『4c.subs.f.sg.a.prs.p3.f.sg』
נַ֭פְשֹׁו	『L70073』『4c.subs.f.sg.a.prs.p3.m.sg』
נִצְּת֖וּ	『L73536』『4c.verb.nif.perf.p3.u.pl』
נֹשֵׂ֕א	『L70293』『4c.subs.qal.ptca.u.m.sg.c』
נָשְׂא֖וּ	『L70293』『4c.verb.qal.perf.p3.u.pl』
נִשְׁבְּר֥וּ	『L70885』『4c.verb.nif.perf.p3.u.pl』
נִשְׁיֵ֑ךְ	『L74891』『4c.subs.m.sg.a.prs.p2.f.sg』
נָתַ֖תְּ	『L70068』『4c.verb.qal.perf.p2.f.sg』
סָבָאִ֖ים	『L76304』『4c.subs.m.pl.a』
סְבָב֑וּנוּ	『L70149』『4c.verb.qal.perf.p3.u.pl.prs.p1.u.pl』
סְבִיבֹתָֽיו	『L71009』『4c.subs.f.pl.a.prs.p3.m.sg』
סוּתֹֽו	『L71761』『4c.subs.m.sg.a.prs.p3.m.sg』
סְחָבֹ֔ות	『L76096』『4c.subs.f.pl.a』
סְעָרָ֗ה	『L74880』『4c.subs.f.sg.a』
סֵ֛פֶר	『L70338』『4c.subs.m.sg.a』
סְפַרְוָֽיִם	『L75004』『4c.nmpr.u.sg.a』
סְפָרִ֗ים	『L70338』『4c.subs.m.pl.a』
עֲבָדָ֗יו	『L70483』『4c.subs.m.pl.a.prs.p3.m.sg』
עַבְדְּךָ֔	『L70483』『4c.subs.m.sg.a.prs.p2.m.sg』
עַבְדֶּֽךָ	『L70483』『4c.subs.m.sg.a.prs.p2.m.sg』
עַבְדָ֛ךְ	『L77634』『4c.subs.m.pl.a.prs.p2.m.sg』
עָבְרָ֑ם	『L70422』『4c.verb.qal.infc.u.u.u.a.prs.p3.m.pl』
עֹודֵ֨ינוּ֙	『L70331』『4c.advb.m.pl.a.prs.p1.u.pl』
עֹויֵ֣ן	『L74284』『4c.verb.qal.ptca.u.m.sg.a』
עֲוִֽית	『L71457』『4c.nmpr.u.sg.a』
עַוְלָ֥תָה	『L74402』『4c.subs.f.sg.a』
עֹונֹתָֽם	『L70292』『4c.subs.m.pl.a.prs.p3.m.pl』
עֻזֹּֽו	『L72058』『4c.subs.m.sg.a.prs.p3.m.sg』
עֶזְרֹ֛ו	『L70170』『4c.subs.m.sg.a.prs.p3.m.sg』
עֵילָֽם	『L70553』『4c.nmpr.u.sg.a』
עֵילָם֙	『L70553』『4c.nmpr.u.sg.a』
עֵינֹ֖ו	『L70200』『4c.subs.f.sg.a.prs.p3.m.sg』
עֵינָ֔יו	『L70200』『4c.subs.f.du.a.prs.p3.m.sg』
עֵינָ֣יו	『L70200』『4c.subs.f.du.a.prs.p3.m.sg』
עֵינָ֥יו	『L70200』『4c.subs.f.du.a.prs.p3.m.sg』
עֵינְכֶ֖ם	『L70200』『4c.subs.f.sg.a.prs.p2.m.pl』
עֵיפַ֣י	『L76108』『4c.nmpr.m.sg.a』
עִירֹ֔ו	『L71757』『4c.subs.m.sg.a.prs.p3.m.sg』
עַל	『L70014』『4c.prep』
עִלָּאָ֑ה	『L77918』『4c.adjv.m.sg.e』
עִלָּאָ֔ה	『L77918』『4c.adjv.m.sg.e』
עִלָּאָ֖ה	『L77918』『4c.adjv.m.sg.e』
עִלָּאָה֙	『L77918』『4c.adjv.m.sg.e』
עִלָּאָ֜ה	『L77918』『4c.subs.m.sg.e』
עִלָּאָה֙	『L77918』『4c.subs.m.sg.e』
עֲלַֽהּ	『L77672』『4c.prep.prs.p3.m.sg』
עֲלַֽהּוְאַ֤נְתְּ	『L77672』『4c.prep.prs.p3.m.sg』『L75940』『4c.conj』『L77757』『4c.prps.p2.m.sg』
עָל֗וּ	『L70123』『4c.verb.qal.perf.p3.u.pl』
עַֽלְוָ֖ה	『L71468』『4c.nmpr.u.sg.a』
עֲלוּמָ֑יו	『L75785』『4c.subs.m.pl.a.prs.p3.m.sg』
עֹֽלֹותָ֔יו	『L70123』『4c.verb.qal.ptca.u.f.pl.a.prs.p3.m.sg』
עֲלֵי	『L70014』『4c.prep』
עָלָיו֙	『L70014』『4c.prep.prs.p3.m.sg』
עֲלֵיכֶ֖ם	『L70014』『4c.prep.prs.p2.m.pl』
עָֽלִּ֔ין	『L77705』『4c.verb.peal.ptca.u.m.pl.a』
עָלִּ֗ין	『L77705』『4c.verb.peal.ptca.u.m.pl.a』
עֲלָ֑ךְ	『L77672』『4c.prep.prs.p2.m.sg』
עֲלָ֔ךְ	『L77672』『4c.prep.prs.p2.m.sg』
עֲלָ֤ךְ	『L77672』『4c.prep.prs.p2.m.sg』
עֲלָ֨ךְ	『L77672』『4c.prep.prs.p2.m.sg』
עַלַּ֑ת	『L77705』『4c.verb.peal.perf.p3.f.sg』
עָמְד֨וּ	『L70841』『4c.verb.qal.perf.p3.u.pl』
עַמִּיה֖וּד	『L72750』『4c.nmpr.m.sg.a』
עַמֳּנִיֹּ֖ות	『L73219』『4c.adjv.f.pl.a』
עֲנָוִ֑ים	『L72835』『4c.subs.m.pl.a』
עֲנָוִ֣ים	『L72835』『4c.subs.m.pl.a』
עֲנָוִֽים	『L72835』『4c.subs.m.pl.a』
עָנָ֣יו	『L72835』『4c.adjv.m.sg.a』
עֲנִיֵּי	『L72188』『4c.subs.m.pl.c』
עֲ֝נִיִּ֗ים	『L72188』『4c.subs.m.pl.a』
עֲנִיִּים֙	『L72188』『4c.subs.m.pl.a』
עֶפְרַ֖יִן	『L79191』『4c.nmpr.u.sg.a』
עֲצָתִ֑י	『L73478』『4c.subs.f.sg.a.prs.p1.u.sg』
עָשָׂה֩	『L70036』『4c.verb.qal.perf.p3.m.sg』
עֲשׂוּיֹות֙	『L70036』『4c.adjv.qal.ptcp.u.f.pl.a』
עָשִׂ֑ית	『L70036』『4c.verb.qal.perf.p2.f.sg』
עָשִׂ֖ית	『L70036』『4c.verb.qal.perf.p2.f.sg』
עָשִֽׂית	『L70036』『4c.verb.qal.perf.p2.f.sg』
עָשִׂית֙	『L70036』『4c.verb.qal.perf.p2.f.sg』
עֲשֶׂ֤רֶת	『L70869』『4c.subs.f.sg.c』
עַתָּ֛ה	『L70249』『4c.advb』
עֲתִידִים֙	『L73485』『4c.adjv.m.pl.a』
פֹארֹתָ֛יו	『L76255』『4c.subs.f.pl.a.prs.p3.m.sg』
פַחֲדָ֣יו	『L77236』『4c.subs.m.pl.a.prs.p3.m.sg』
פְּטוּרִ֑ים	『L74291』『4c.verb.qal.ptcp.u.m.pl.a』
פַּטְּשֵׁיהֹ֔ון	『L77906』『4c.subs.m.pl.a.prs.p3.m.pl』
פְּלִ֣יאָֽה	『L74056』『4c.adjv.f.sg.a』
פְּלִשְׁתִּ֔ים	『L70529』『4c.subs.m.pl.a』
פְּקַ֣ח	『L70199』『4c.verb.qal.impv.p2.m.sg』
פְּרוּצִ֔ים	『L71190』『4c.verb.qal.ptcp.u.m.pl.a』
פְּרָזָ֔יו	『L76650』『4c.subs.m.pl.a.prs.p3.m.sg』
פָּרְסָאָֽה	『L78124』『4c.subs.m.sg.e』
פְּרָֽת	『L70162』『4c.nmpr.u.sg.a』
צֵ֑אוּ	『L70056』『4c.verb.qal.impv.p2.m.pl』
צְבָ֖אֹות	『L70106』『4c.subs.m.pl.a』
צְבָאָֽיו	『L70106』『4c.subs.m.pl.a.prs.p3.m.sg』
צְבֹויִ֔ם	『L70550』『4c.nmpr.u.sg.a』
צִדְקֹתָ֤יו	『L70753』『4c.subs.f.pl.a.prs.p3.m.sg』
צִדְקֹתָיו֙	『L70753』『4c.subs.f.pl.a.prs.p3.m.sg』
צַוָּארָ֖יו	『L71157』『4c.subs.m.pl.a.prs.p3.m.sg』
צֹואָתָ֗ם	『L75029』『4c.subs.f.sg.a.prs.p3.m.pl』
צוּף֙	『L74127』『4c.nmpr.m.sg.a』
צ֨וּרֹתָ֤יו	『L76421』『4c.subs.f.pl.a.prs.p3.m.sg』
צֽוּרֹתָ֡יו	『L76421』『4c.subs.f.pl.a.prs.p3.m.sg』
צָֽיִד	『L70512』『4c.subs.m.sg.a』
צְלִ֜יל	『L73996』『4c.subs.m.sg.c』
צְעִירֶֽיהָ	『L70908』『4c.subs.m.pl.a.prs.p3.f.sg』
צְעִירֵיהֶ֖ם	『L70908』『4c.subs.m.pl.a.prs.p3.m.pl』
צֹפָ֞יו	『L71321』『4c.subs.qal.ptca.u.m.pl.a.prs.p3.m.sg』
צְפִיעֵ֣י	『L76184』『4c.subs.m.pl.c』
צָרְפָ֖ה	『L73993』『4c.verb.qal.impv.p2.m.sg』
קֳדָמַ֑הּ	『L77652』『4c.subs.u.sg.a.prs.p3.m.sg』
קֳדָמַ֖הּ	『L77652』『4c.subs.u.sg.a.prs.p3.m.sg』
קָֽדָמָ֗ךְ	『L77652』『4c.prep.u.sg.a.prs.p2.m.sg』
קָֽדָמָךְ֙	『L77652』『4c.prep.u.sg.a.prs.p2.m.sg』
קָ֤ו	『L74731』『4c.subs.m.sg.c』
קֹומַת֙	『L70392』『4c.subs.f.sg.c』
קָנִ֔יתָה	『L71073』『4c.verb.qal.perf.p2.m.sg』
קָֽסֳמִי	『L73325』『4c.verb.qal.impv.p2.f.sg』
קִצֹּ֔ו	『L70270』『4c.subs.m.sg.a.prs.p3.m.sg』
קְצֹותָ֖יו	『L72238』『4c.subs.f.pl.a.prs.p3.m.sg』
קְצֹותָֽיו	『L72238』『4c.subs.f.pl.a.prs.p3.m.sg』
קָרָ֥את	『L70027』『4c.verb.qal.perf.p2.f.sg』
קְרוּאֵ֣י	『L70027』『4c.subs.qal.ptcp.u.m.pl.c』
קְרִיאֵ֣י	『L72893』『4c.subs.m.pl.c』
קַתְרֹ֣וס	『L77873』『4c.subs.m.sg.a』
קַתְרֹ֤וס	『L77873』『4c.subs.m.sg.a』
קַתְרֹ֨וס	『L77873』『4c.subs.m.sg.a』
רָאֹ֥ות	『L70022』『4c.verb.qal.infa.u.u.u.a』
רְא֥וּת	『L77475』『4c.subs.f.sg.c』
רָאשֵׁי֙	『L70145』『4c.subs.m.pl.c』
רָאֲתָ֖ה	『L70022』『4c.verb.qal.perf.p3.f.sg』
רִבְבָ֖ן	『L78155』『4c.subs.f.pl.a』
רֻבֵּ֖י	『L70796』『4c.subs.m.pl.c』
רְֽבִיעָאָ֡ה	『L77808』『4c.adjv.f.sg.a』
רְבִ֣יעָאָ֔ה	『L77808』『4c.adjv.f.sg.a』
רְבִיעָאָה֙	『L77808』『4c.adjv.f.sg.a』
רְֽבִיעָאָ֔ה	『L77808』『4c.subs.f.sg.a』
רַגְלֹ֑ו	『L70437』『4c.subs.f.sg.a.prs.p3.m.sg』
רַגְלַ֖י	『L70437』『4c.subs.f.du.a.prs.p1.u.sg』
רַגְלָֽי	『L70437』『4c.subs.f.du.a.prs.p1.u.sg』
רַגְלֵיהֶ֖ם	『L70437』『4c.subs.f.du.a.prs.p3.m.pl』
רַגְלְךָ֗	『L70437』『4c.subs.f.sg.a.prs.p2.m.sg』
רָֽדְפִי	『L70717』『4c.verb.qal.infc.u.u.u.a.prs.p1.u.sg』
רַהִיטֵ֖נוּ	『L77400』『4c.subs.m.sg.a.prs.p1.u.pl』
רַֽחֲמָ֔יו	『L71629』『4c.subs.m.pl.a.prs.p3.m.sg』
רָ֑ע	『L70141』『4c.subs.m.sg.a』
רִפִּ֣ינוּ	『L71879』『4c.verb.piel.perf.p1.u.pl』
שֶׁתַּקִּ֖יף	『L70363』『4c.conj』『L77477』『4c.adjv.m.sg.a』
שְׂא֤וּ	『L70293』『4c.verb.qal.impv.p2.m.pl』
שְׁב֣וּת	『L73435』『4c.subs.f.sg.c』
שְׁב֤וּת	『L73435』『4c.subs.f.sg.c』
שְׁב֥וּת	『L73435』『4c.subs.f.sg.c』
שְׁבוּתֵ֑ךְ	『L73435』『4c.subs.f.sg.a.prs.p2.f.sg』
שְׁבוּתְכֶ֗ם	『L73435』『4c.subs.f.sg.a.prs.p2.m.pl』
שְׁבִ֣ית	『L72939』『4c.subs.f.sg.c』
שְׁבִיתָֽם	『L73435』『4c.subs.f.sg.a.prs.p3.m.pl』
שְׁבִיתֵ֑נוּ	『L73435』『4c.subs.f.sg.a.prs.p1.u.pl』
שְׁבַעְתָּ֖ם	『L70296』『4c.subs.f.sg.a.prs.p3.m.pl』
שַׁדּֽוּן	『L77126』『4c.subs.u.sg.a』
שֹֽׁובְב֑וּם	『L70243』『4c.verb.piel.perf.p3.u.pl.prs.p3.m.pl』
שׁוּחָה֙	『L75857』『4c.subs.f.sg.a』
שֹׁ֣וט	『L75523』『4c.subs.m.sg.a』
שַׁוִּ֗יְו	『L77926』『4c.verb.pael.perf.p3.m.pl』
שֹׁולָ֖ל	『L76578』『4c.advb.m.sg.a』
שָׁח֛וּט	『L70971』『4c.adjv.qal.ptcp.u.m.sg.a』
שִׁילֹ֔ו	『L71755』『4c.nmpr.u.sg.a』
שִׂים	『L70135』『4c.verb.qal.infc.u.u.u.a』
שִׁירֹ֣ו	『L71294』『4c.subs.m.sg.a.prs.p3.m.sg』
שִׁישַׁ֥ק	『L74787』『4c.nmpr.m.sg.a』
שֻׁכַּ֔בְּתְּ	『L70878』『4c.verb.pual.perf.p2.f.sg』
שַׁכְלִ֔ילוּ	『L78326』『4c.verb.shaf.perf.p3.m.pl』
שְׁכֵנָ֑יִךְ	『L71864』『4c.subs.m.pl.a.prs.p2.f.sg』
שֹׁכַנְתְּ֙	『L70255』『4c.verb.qal.ptca.u.f.sg.c』
שָׁלוּ֙	『L77925』『4c.subs.f.sg.a』
שְׁלֹומִ֧ית	『L72687』『4c.nmpr.u.sg.a』
שָׁלִישִׁ֑ים	『L72025』『4c.subs.m.pl.a』
שַׁלְמַ֖י	『L78248』『4c.nmpr.m.sg.a』
שְׁלֹשָׁ֜ה	『L70339』『4c.subs.f.sg.a』
שָֽׁלִשֹׁ֔ו	『L72025』『4c.subs.m.sg.a.prs.p3.m.sg』
שָׁ֨מָּה֙	『L70136』『4c.advb』
שְׁמֹ֔ועַ	『L70211』『4c.verb.qal.infc.u.u.u.a』
שִׁמְט֖וּהָ	『L72202』『4c.verb.qal.impv.p2.m.pl.prs.p3.f.sg』
שָׁמִֽיר	『L79121』『4c.nmpr.m.sg.a』
שִׂמְלֹתָ֔יו	『L70478』『4c.subs.f.pl.a.prs.p3.m.sg』
שִׂמְלֹתַ֛יִךְ	『L70478』『4c.subs.f.pl.a.prs.p2.f.sg』
שָׁמֵ֑מוּ	『L72723』『4c.verb.qal.perf.p3.u.pl』
שֹׁ֣מְעָ֔הּ	『L70211』『4c.subs.qal.ptca.u.m.sg.a.prs.p3.f.sg』
שִׁמְעָ֖ה	『L74485』『4c.nmpr.m.sg.a』
שָׁמַ֣עַתְּ	『L70211』『4c.verb.qal.perf.p2.f.sg』
שֹׂ֥נֵא	『L71052』『4c.subs.qal.ptca.u.m.sg.c』
שְׂנֻאֵ֖י	『L71052』『4c.adjv.qal.ptcp.u.m.pl.c』
שִׁנַּ֑הּ	『L78136』『4c.subs.f.sg.a.prs.p3.m.sg』
שִׁנַּ֤הּ	『L78136』『4c.subs.f.sg.a.prs.p3.m.sg』
שְׁנֵ֣י	『L70063』『4c.subs.u.du.c』
שָׁנִ֔ים	『L70061』『4c.subs.f.pl.a』
שַׁעֲרֽוּרִיָּ֑ה	『L75986』『4c.subs.f.sg.a』
שְׁעָרָ֗יו	『L70870』『4c.subs.m.pl.a.prs.p3.m.sg』
שֻׁפְּכ֥וּ	『L70464』『4c.verb.pual.perf.p3.u.pl』
שָֽׁפְכוּ֙	『L70464』『4c.verb.qal.perf.p3.u.pl』
שַׁפְרִירֹ֖ו	『L76115』『4c.subs.m.sg.a.prs.p3.m.sg』
שְׂ֝פָתֹ֗ו	『L70579』『4c.subs.f.sg.a.prs.p3.m.sg』
שִׁרְטַ֖י	『L79163』『4c.nmpr.m.sg.a』
שְׂ֭רִידָיו	『L72948』『4c.subs.m.pl.a.prs.p3.m.sg』
שְׁרִיקֹ֣ת	『L73954』『4c.subs.f.pl.c』
שֵֽׁרִיתִ֖ךָ	『L75972』『4c.verb.piel.perf.p1.u.sg.prs.p2.m.sg』
שֵׁ֤שׁ	『L71590』『4c.subs.m.sg.a』
שַׁתָּ֣ה	『L70227』『4c.verb.qal.perf.p2.m.sg』
תָּאָיו֙	『L74804』『4c.subs.m.pl.a.prs.p3.m.sg』
תָבֹ֛אנָה	『L70172』『4c.verb.qal.impf.p3.f.pl』
תְבֽוּאָתֹו֙	『L71721』『4c.subs.f.sg.a.prs.p3.m.sg』
תְּבוּאָתֹ֑ו	『L71721』『4c.subs.f.sg.a.prs.p3.m.sg』
תַּדְמֹ֥ר	『L74753』『4c.nmpr.u.sg.a』
תְּהִלָּ֑ת	『L72055』『4c.subs.f.sg.a』
תֹּועֲבַ֥ת	『L71638』『4c.subs.f.sg.c』
תֹּֽורֹתָ֑יו	『L71117』『4c.subs.f.pl.a.prs.p3.m.sg』
תֹּורֹתָיו֙	『L71117』『4c.subs.f.pl.a.prs.p3.m.sg』
תּוּשִׁיָּֽה	『L75541』『4c.subs.f.sg.a』
תַּזְנוּתָֽיִךְ	『L76236』『4c.subs.f.pl.a.prs.p2.f.sg』
תָּחוּל֙	『L74122』『4c.verb.qal.impf.p3.f.sg』
תְּחַיֵּ֑ינִי	『L70252』『4c.verb.piel.impf.p2.m.sg.prs.p1.u.sg』
תַּחְתָּ֑יו	『L70039』『4c.prep.m.pl.a.prs.p3.m.sg』
תַּחְתָּ֔יו	『L70039』『4c.prep.m.pl.a.prs.p3.m.sg』
תַּחְתָּ֥יו	『L70039』『4c.prep.m.pl.a.prs.p3.m.sg』
תִכּ֥וּל	『L77674』『4c.verb.peal.impf.p2.m.sg』
תִּכּ֨וּל	『L77674』『4c.verb.peal.impf.p2.m.sg』
תְּלָא֥וּם	『L73422』『4c.verb.qal.perf.p3.u.pl.prs.p3.m.pl』
תַלִּ֖ינוּ	『L72074』『4c.verb.hif.impf.p2.m.pl』
תְלִיתָאָ֤ה	『L77807』『4c.adjv.f.sg.a』
תֵּלֵ֑כוּ	『L70159』『4c.verb.qal.impf.p2.m.pl』
תַּ֣ם	『L71103』『4c.adjv.m.sg.a』
תָמ֥וּשׁ	『L72020』『4c.verb.qal.impf.p3.f.sg』
תַּמְר֣וּק	『L77320』『4c.subs.m.sg.a』
תְנִיא֔וּן	『L73093』『4c.verb.hif.impf.p2.m.pl』
תַּנִּים֙	『L75326』『4c.subs.m.pl.a』
תַֽעַלְז֔וּ	『L74373』『4c.verb.qal.impf.p2.m.pl』
תַּעֲשֵׂ֖ה	『L70036』『4c.verb.qal.impf.p2.m.sg』
תָפ֨וּשׁוּ֙	『L76143』『4c.verb.qal.impf.p2.m.pl』
תֵּֽצְאוּ֙	『L70056』『4c.verb.qal.impf.p2.m.pl』
תֹּצְאֹ֣ות	『L73162』『4c.subs.f.pl.c』
תֹצְאֹתָ֖יו	『L73162』『4c.subs.f.pl.a.prs.p3.m.sg』
תִּצֹּֽרְנָה	『L72425』『4c.verb.qal.impf.p3.f.pl』
תָּקְהַ֗ת	『L79230』『4c.nmpr.m.sg.a』
תִּקְע֥וּ	『L71292』『4c.verb.qal.impv.p2.m.pl』
תֹּקְעֵ֖י	『L71292』『4c.subs.qal.ptca.u.m.pl.c』
תִּקְרְאִי	『L70027』『4c.verb.qal.impf.p2.f.sg』
תָּר֥וּם	『L70413』『4c.verb.qal.impf.p3.f.sg』
תָּרִ֣יב	『L71129』『4c.verb.qal.impf.p2.m.sg』
תָשֹׁ֑בְנָה	『L70243』『4c.verb.qal.impf.p3.f.pl』
תָשֽׁוּבִי	『L70243』『4c.verb.qal.impf.p2.f.sg』
תִּשָּׁכַ֑בְנָה	『L70878』『4c.verb.nif.impf.p3.f.pl』
תִּשָּׁכַֽבְנָה	『L70878』『4c.verb.nif.impf.p3.f.pl』
תְשַׁכְּלִי	『L71183』『4c.verb.piel.impf.p2.f.sg』
תִשְׂמְחוּ֙	『L71875』『4c.verb.qal.impf.p2.m.pl』
תֵּת	『L70068』『4c.verb.qal.infc.u.u.u.c』
תִּ֝תְאָ֗יו	『L72813』『4c.verb.hit.impf.p2.m.sg』
תִּ֭תְאָיו	『L72813』『4c.verb.hit.impf.p2.m.sg』
