3897	הַיְצֵ֣א
4420	אָהֳלֹֽו
5645	אָהֳלֹ֑ו
5912	אָֽהֳלֹו֙
6246	צְבֹויִ֔ם
6354	צְבֹויִ֔ם
11761	וַ
11762	יּוּשַׂ֤ם
12783	גֹויִם֙
13684	צָֽיִד
14110	וְ
14111	יִֽשְׁתַּחֲו֤וּ
15746	בָּ֣א
15747	גָ֑ד
18151	צַוָּארָ֖יו
19427	אָֽהֳלֹ֔ו
19601	יְע֥וּשׁ
19769	יְע֥וּשׁ
21836	אֲסִירֵ֥י
24701	וַ
24702	יִּֽשְׁתַּחֲוּֽוּ
27914	שִׁילֹ֔ו
27923	עִירֹ֔ו
27939	סוּתֹֽו
30192	מַה
30193	זֶּ֣ה
37379	וַ
37380	יִּלֹּ֜ונוּ
37523	תַלִּ֖ינוּ
40140	לֹ֥ו
40666	בְּעִירֹ֔ו
40987	כְסוּתֹו֙
43528	וְ
43529	עַמּוּדָ֣יו
44203	מִֽ
44204	טַּבְּעֹתָ֞יו
46879	בְּ
46880	רֵעֹ֑ו
46926	מִ
46927	יָּדָיו֙
48666	בְּרִיחָ֕יו
50063	קְצֹותָֽיו
51145	קְצֹותָ֖יו
51662	בְּרִיחָ֖יו
57312	יָדָ֛יו
58183	לֹ֤ו
62666	יָדָ֗יו
65030	יִקְרְח֤וּ
66152	וְ
66153	נִסְכֹּ֥ו
67707	לֹ֣ו
69763	קְרוּאֵ֣י
77627	עָנָ֣יו
79134	וַ
79135	יַּלִּ֤ינוּ
80269	תַלִּ֖ינוּ
83722	וַ
83723	יֹּ֖ורֶשׁ
84904	לְכָה
86066	קְרִיאֵ֣י
90013	תְנִיא֔וּן
91464	וְ
91465	הָיוּ֙
94390	בָּנָ֖יו
96495	מִצְוֹתָֽי
97633	מִצְוֹתָ֖יו
98050	מִצְוֹתָ֖יו
101372	הַ
101373	הִ֖יא
104933	שָֽׁפְכוּ֙
105541	הַֽ
105542	נַּעֲרָ֖ה
105549	הַֽ
105550	נַּעֲרָ֛ה
105560	הַֽ
105561	נַּעֲרָ֖ה
105656	לַֽ
105657	『』
105658	נַּעֲרָֽה
105662	הַֽ
105663	נַּעֲרָ֜ה
105722	נַעֲרָ֣ה
105755	הַֽ
105756	נַּעֲרָ֗ה
105791	הַֽ
105792	נַּעֲרָה֙
105812	וְ
105813	לַֽ
105814	『』
105815	נַּעֲרָה֙
105820	לַֽ
105821	『』
105822	נַּעֲרָ֖ה
105846	הַֽ
105847	נַּעֲרָה֙
105857	נַעֲרָ֤ה
105878	הַֽ
105879	נַּעֲרָ֖ה
107857	מִצְוֹתָיו֙
108612	וּ
108613	בַ
108614	『』
108615	טְּחֹרִ֔ים
108676	יִשְׁכָּבֶ֔נָּה
110034	וּ
110035	צְבֹויִ֔ם
111601	בָּ֣מֳתֵי
112262	אֵ֥שׁ
112263	דָּ֖ת
112364	בָּנָ֖יו
113664	אַחְיֹותַ֔י
114012	וּ
114013	בֵינָ֔יו
114324	מֵֽ
114325	אָדָ֤ם
114776	כַּ
114777	עֲלֹ֨ות
114971	עָבְרָ֑ם
115440	כְּ
115441	שָׁמְעֲכֶם֙
115491	וַ
115492	יֹּ֨אמֶר֙
115550	תֹּקְעֵ֖י
115659	הָלֹ֖וךְ
116601	וָ
116602	אֵ֣רֶא
117078	בֵּינָ֥יו
117201	בָּ
117202	『』
117203	עַ֔י
117878	וַ
117879	יֹּ֥אמֶר
117892	אֶֽכְרָת
121455	וְ
121456	הָי֛וּ
122032	הַ
122033	גָּדֹ֖ול
122073	וְ
122074	יָנ֥וּם
122161	יָכְל֥וּ
122231	תֹצְאֹתָ֖יו
123138	וְ
123139	הָיוּ֙
123188	וְ
123189	הָי֣וּ
123288	וְ
123289	הָי֣וּ
123290	תֹּצְאֹ֣ות
123356	הָֽ
123357	עַמֹּנָ֛ה
123685	וְ
123686	שַׁחֲצִ֨ימָה֙
123799	וְ
123800	הָי֧וּ
124347	גֹּולָ֥ן
124906	גֹּולָ֤ן
125395	בְּ
125396	עֵ֥בֶר
126707	וָ
126708	אַרְבֶּה֙
126818	וָ
126819	אָבִ֣יא
127024	מֵ
127025	עֵ֣בֶר
128003	יֹשְׁבֵ֨י
129625	בְּ
129626	צַעֲנַנִּ֖ים
130510	וּ
130511	בָ֤אוּ
131762	צְלִ֜יל
132004	וַ
132005	יָּנֽוּסוּ
133053	מָלְכָ֥ה
133118	מָלְכִ֥י
135314	וְ
135315	רֵעֹותָֽי
136074	דְבָרְךָ֖
137645	לִ֖י
137732	הָ
137733	אֲסוּרִֽים
137794	כְּ
137795	טֹ֣וב
137811	הָ
137812	אֲסוּרִ֗ים
137835	וַ
137836	הֲמִשֵׁ֨נִי֙
138021	וְ
138022	אַ֤תְּ
139141	לַ
139142	הֲשִׁיבָ֔הּ
139399	לְכָ֥ה
139597	וַ
139598	יָּ֖בָל
139748	כַּ
139749	עֲלֹ֥ות
140161	בְּנֵ֣י
140162	בִנְיָמִ֔ן
141393	וַ
141394	יְצַוּ֕וּ
141443	לָ
141444	רִ֣יב
142158	וְ
142159	לֹ֥ו
142226	חֲסִידָיו֙
142242	מְרִיבָ֗יו
142243	עָלָיו֙
142409	לֹא֙
142901	וְ
142902	עֵינָיו֙
143221	בְּ
143222	עֵינָ֖יו
143577	יַ֥ד
143943	בַּ
143944	『』
143945	טְּחֹרִ֔ים
144032	טְחֹרִֽים
144112	בַּ
144113	『』
144114	טְּחֹרִ֑ים
144195	טְחֹרֵ֣י
144212	טְחֹרֵיכֶ֜ם
144884	וַ
144885	יַּעֲלֵ֧הוּ
145118	בִּ
145119	דְרָכָ֔יו
145487	מִ
145488	בִּנְיָמִ֗ין
146160	הַ
146161	גָּ֣גָה
146383	תָבֹ֛אנָה
146688	לְ
146689	מִשְׁפְּחֹתָ֔יו
146964	כְּ
146965	שָׁמְעֹ֖ו
147050	כְּ
147051	חֹ֣ם
147433	וַ
147434	יֹּאמְר֣וּ
147973	וַ
147974	יֹּ֣וחֶל
148217	אָמְר֣וּ
148948	וַ
148949	תָּאֹ֖רְנָה
149038	וַ
149039	יַּ֤עַט
149043	הַ
149044	שָּׁלָ֔ל
149891	וַ
149892	יֹּ֥אמֶר
150890	וְ
150891	עֵ֣ץ
151252	מִ
151253	מַּעַרְכֹ֣ות
152173	וַ
152174	יֶּאֱהָבֵ֥הוּ
152276	לָ
152277	שִׁ֣יר
152303	בַּ
152304	אֲלָפָ֔יו
152342	עֹויֵ֣ן
152444	דְּרָכָ֖יו
152599	עֲבָדָ֗יו
153247	בְּ
153248	נָֽיֹות
153257	בְּ
153258	נָיֹ֖ות
153343	בְּ
153344	נָיֹ֥ות
153352	נָיֹ֖ות
153370	בְּ
153371	נָיֹ֥ות
153411	מִ
153412	נָּיֹ֖ות
153444	לֹֽא
153445	יַעֲשֶׂ֨ה
153924	אֶל
154255	הַ֣
154256	חִצִּ֔ים
154671	בַּ
154672	אֲלָפָ֔יו
154675	בְּ
154676	רִבְבֹתָֽיו
154705	וַ
154706	יְתָיו֙
155038	אֵלָיו֙
155099	לִ
155100	שְׁאָל
155170	אָזְנִ֑י
155190	לְ
155191	דֹואֵ֔ג
155201	דֹּואֵ֣ג
155292	דֹּואֵ֣ג
155416	וַ
155417	אֲנָשָׁ֨יו
156059	אֹֽיִבְךָ֙
156163	מֵֽ
156164	הַ
156165	מְּעָרָ֔ה
156387	וְ
156388	אַתָּה֙
156561	כָלִבִּֽי
156881	אֲבִיגַ֡יִל
156893	עֲשׂוּיֹות֙
157292	וַ
157293	תָּבֹאת֙
157672	סְבִיבֹתָֽיו
157728	מְרַאֲשֹׁתָ֑יו
157735	סְבִיבֹתָֽיו
157821	מְרַאֲשֹׁתָ֛יו
157976	מְרַאֲשֹׁתָֽיו
158115	חֲנִ֣ית
158292	יָסַ֥ף
158374	וְ
158375	הַ
158376	גִּזְרִ֖י
158685	קָֽסֳמִי
159273	בְּ
159274	רִבְבֹתָֽיו
159563	בָּנָ֣יו
160632	וָ
160633	אֹמַ֣ר
160686	בִּ
160687	בְגָדָ֖יו
160781	דָּמְךָ֖
161461	תַּחְתָּ֑יו
161708	וַ
161709	יִּוָּלְד֧וּ
161726	לַ
161727	אֲבִיגַ֕יִל
161912	תַּחְתָּ֥יו
162002	לָֽיִשׁ
162248	מֹ֣ובָאֶ֔ךָ
162954	הָיִ֛יתָ
162955	הַ
162956	מֹּוצִ֥יא
162957	וְ
162958	הַ
162959	מֵּבִ֖יא
163109	שְׂנֻאֵ֖י
163379	כְּֽ
163380	שָׁמְעֲךָ֞
164660	פְּרָֽת
165485	יִשְׂרָאֵ֔ל
166255	וַ
166256	יֹּר֨וּ
166257	הַ
166258	מֹּורִ֤ים
166573	בְּ
166574	עֵינַי֒
166851	שִׂמְלֹתָ֔יו
166913	וְ
166914	חַנַּ֥נִי
166955	וַ
166956	תִּקְרָ֤א
167099	בַּ
167100	『』
167101	מַּלְבֵּ֔ן
167308	וַ
167309	תָּ֨לָשׁ֙
167914	עֵינָ֔יו
167981	עַמִּיה֖וּד
168180	שִׂים
168255	מֵ
168256	הַרְבַּ֞ת
168604	עַבְדֶּֽךָ
168762	וְ
168763	הַצִּית֣וּהָ
169059	יָשֹׁ֨וב
169324	אֲנִֽיעֲךָ֤
169536	בְּ
169537	עַֽרְבֹ֖ות
169793	וְ
169794	הַ
169795	לֶּ֤חֶם
169942	תַּחְתָּ֔יו
169997	כֹּ֣ה
169999	כִּ֤י
170048	בְּ
170049	עֵינִ֑י
170176	לֹ֥ו
170274	אִ֖ישׁ
170551	בְּ
170552	אַחַ֤ד
171140	לַ
171141	עְזֹֽור
171251	נָפֹ֖וצֶת
171372	וְ
171373	ל֨וּ
171411	בְ
171412	נַפְשִׁי֙
171512	לְ
171513	אֹהָלָֽיו
171520	בְ
171521	חַיָּיו֙
171598	עַל
171599	כֵּ֥ן
172094	ל֣וּ
172430	בְּ
172431	עֵינָ֑יו
172757	הַ
172758	יַּרְדֵּֽן
172963	הֶעֱבִ֣ירוּ
173204	וַ
173205	יֹּ֕וחֶר
173284	וְ
173285	עָלָ֞יו
173448	וַ
173449	יִּקָּ֣הֲל֔וּ
173674	הַ
173675	כְּרֵתִ֖י
173691	וּ
173692	שְׁוָ֖א
173806	לָ֜נוּ
173850	יֻתַּן
173943	שְׁבַעְתָּ֖ם
173945	וְ
173946	הֵ֨מָּה
173954	בִּ
173955	תְחִלַּ֖ת
174035	תְּלָא֥וּם
174036	שָׁ֨מָּה֙
174037	פְּלִשְׁתִּ֔ים
174119	וְ
174120	יִשְׁבִּ֨י
174240	מָדֹ֗ון
174269	שִׁמְעָ֖ה
174377	וַ
174378	יִּתְגָּעַ֤שׁ
174453	וַ
174454	יָּהֹֽם
174525	מִשְׁפָּטָ֖יו
174625	דַּרְכִּֽי
174627	רַגְלַ֖י
174788	מִגְדֹּ֖ול
174937	הָֽ
174938	עֶצְנִ֔י
174945	אֶחָֽת
174946	וְ
174947	אַחֲרָ֛יו
174950	דֹּדֹ֖ו
174955	הַ
174956	גִּבֹּרִ֜ים
175054	שְׁלֹשָׁ֜ה
175169	הַ
175170	שְּׁלֹשָׁ֔ה
175209	חַ֛יִל
175226	הָ
175227	אֲרִ֛י
175242	אִ֣ישׁ
175381	חֶצְרַי֙
175401	נֹשֵׂ֕א
175769	רַֽחֲמָ֔יו
175837	הָ
175838	אֲרַ֥וְנָה
175898	אֲרַ֥וְנָה
175980	בְּ
175981	עֵינָ֑יו
176653	עַבְדְּךָ֔
176877	יִֽהְיֶ֣ה
177122	אֱלֹהִ֜ים
177814	וַ
177815	יֹּֽושִׁיבַ֨נִי֙
179169	הָ
179170	אֶחָ֖ד
179709	רַגְלָֽי
180158	יָצִ֨יעַ֙
180176	הַ
180177	יָּצִ֨יעַ
180286	הַ
180287	יָּצִ֨יעַ֙
180401	מִֽ
180402	יַּרְכְּתֵ֤י
180507	בְּ
180508	רַתּוּקֹ֤ות
180838	מִשְׁפָּטָ֑יו
181286	הַ
181287	שְּׂבָכָ֑ה
181366	וְ
181367	קָו֙
181666	מִסְגְּרֹתֶ֔יהָ
181892	הָ
181893	אֵ֔לֶּה
182634	דְּבָ֣רְךָ֔
183225	בָּנִ֥יתִי
183902	וַ
183903	יִּשְׁתַּחֲו֥וּ
184102	תַּדְמֹ֥ר
184429	מְשָׁרְתָ֜יו
185982	וַ
185983	יָּבֹ֥א
186063	וַ
186064	יְדַבְּרוּ֙
186206	וַ
186207	יָּבֹ֨וא
186442	וַ
186443	יָּבֹ֣א
186757	מִ
186758	לִּבֹּ֑ו
187661	אַ֖תְּ
188236	שִׁישַׁ֥ק
188606	וְ
188607	קָדְשֵׁ֖י
188669	הַ
188670	מֶּ֔לֶךְ
189457	חַטֹּאתָיו֙
189622	וּ
189623	בְ
189624	חַטָּאתֹ֔ו
189798	וּ
189799	בִ
189800	שְׂג֤וּב
190105	תֵּת
190121	הִֽיא
190122	וָ
190123	ה֛וּא
191161	וּ
191162	בִ
191163	דְבָרְךָ֣
191300	בִּרְכָּֽיו
191476	אֶחָ֑ד
192939	מֵ
192940	עֲלֵ֖י
193183	סְפָרִ֗ים
193467	מֵבִ֤יא
193638	אָבִ֤יא
193929	דְבָרְךָ֗
194644	עָשָׂה֩
194657	נִשְׁבְּר֥וּ
195654	הַ
195655	גֵּאָיֹ֑ות
196359	וַ
196360	יַּכּוּ
196504	לָ֖ךְ
196533	שְׁכֵנָ֑יִךְ
196577	מֹוצָֽקֶת
196620	נִשְׁיֵ֑ךְ
196623	וּ
196624	בָנַ֔יִךְ
196808	אַ֖תְּ
196928	אַ֣תְּ
196929	הֹלֶ֤כֶת
197192	כַּפָּ֔יו
197671	בְּ
197672	סוּסָ֣יו
197737	אֲמָנָ֨ה
197922	יִסְלַח
198091	מֵ
198092	אַ֖יִן
198333	וְ
198334	הִזְהִירֹ֖ו
198695	דִּבְיֹונִ֖ים
199281	בַ
199282	『』
199283	שָּׂדֶה֙
199321	הֲמֹ֤ון
199372	בְּ
199373	חָפְזָ֑ם
199536	אַ֣תְּ
199806	לֹ֖ו
199962	שָׁנִ֔ים
200593	לְ
200594	הַגִּ֥יד
200835	שָֽׁלִשֹׁ֔ו
201012	שִׁמְט֖וּהָ
201097	וְֽ
201098	הָיְתָ֞ה
201809	לְ
201810	מֹֽוצָאֹ֖ות
202004	רָאֲתָ֖ה
202038	הַ
202039	מּ֣וּמָתִ֔ים
202083	הַ
202084	מֵּאֹ֗ות
202207	הַ
202208	מֵּאֹ֗ות
202240	הַ
202241	מֵּאֹ֗ות
202383	הַ
202384	מֵּאֹ֣ות
202473	מִזְבְּחֹתָ֤יו
202559	הַ
202560	מֶּֽלֶךְ
202763	מִ
202764	יָּמִ֗ין
202826	יְדֵי֙
202830	הַ
202831	מֻּפְקָדִ֖ים
203194	הֶחֱטִ֥יא
203662	יְהֹֽועַדָּ֖ן
203752	יוּמָֽת
203759	מֶ֨לַח֙
203899	לְ
203900	אֹהָלָֽיו
203916	וַ
203917	יָּבֹא֙
204757	הַ
204758	מֶּ֨לֶךְ֙
205167	וַֽ
205168	אֲדֹמִים֙
205400	וַ
205401	יְצַוֶּ֣ה
205489	אֶת
205513	מוּסַ֨ךְ
205826	נְבִיאֵ֨י
205922	שְׁנֵ֣י
206030	וַ
206031	יַּדַּ֨ח
206294	אֱלֹהֵ֥י
206295	סְפַרְוָֽיִם
207179	צֹואָתָ֗ם
207184	מֵֽימֵי
207185	רַגְלֵיהֶ֖ם
207878	בְּ
207879	רֹ֥ב
207896	קִצֹּ֔ו
208051	צְבָ֖אֹות
208168	בָּנָיו֙
208259	חָצֵ֖ר
208464	נְכֹתֹ֡ו
208600	יִקָּ֑חוּ
208946	שֹׁ֣מְעָ֔הּ
209319	וְ
209320	יִתְּנֻ֗הוּ
209328	בֵּ֣ית
210106	בֶן
210770	מִ
210771	מְּלֹ֖ךְ
210873	זְבוּדָּ֥ה
211076	עָל֗וּ
211177	עֲשֶׂ֤רֶת
211214	אֵילֵ֣י
211279	חֲמוּטַ֥ל
211700	אַמֹּות֒
213126	מַּה
213127	לָּכֶם֙
213148	נְטוּיֹ֣ות
213933	יִשְׁאַ֨ג
215176	לֹ֖ו
215251	לְ
215252	מַרְבֵּ֨ה
215614	וּ
215615	לְ
215616	שׂוּמֹ֥ו
215737	וַ
215738	עֲתוּדֹֽותֵיהֶם֙
216050	בַּת
216477	מוּדַ֥עַת
216723	תִּשָּׁכַֽבְנָה
217492	הָבִ֤יאִי
218033	אֶשְׁקֳטָ֖ה
219559	כִּתִּים֙
219580	בַחוּנָ֗יו
220248	בְּמֹ֥ו
220527	דְּלָתְךָ֖
220534	יַעֲבָר
221072	שֹׁ֣וט
221075	יַֽעֲבֹר֙
221542	סֵ֛פֶר
222431	בָּֽם
222438	הִ֛יא
222763	עֲנִיִּים֙
222864	וְ
222865	הַ
222866	כַּרְמֶ֖ל
224037	צֹואָתָ֗ם
224042	מֵימֵ֥י
224043	רַגְלֵיהֶ֖ם
224854	וְ
224855	אִכְל֥וּ
225406	נְכֹתֹ֡ו
226434	וְ
226435	נִרְאֶ֥ה
226832	רָאֹ֥ות
226888	לִ
226889	מְשִׁיסָּ֧ה
227657	יִסְגָּד
227809	מֵ
227810	אִתִּֽי
227905	אֲיַשֵּׁ֑ר
228488	עֲצָתִ֑י
228737	הֹבְרֵ֣י
229220	לֹ֣ו
229243	וּ
229244	נְצוּרֵ֥י
229387	וּ
229388	פִצְח֥וּ
230328	הִֽתְפַּתְּחִי֙
230366	מַה
230367	לִּי
230375	מֹשְׁלָ֤יו
231012	הִנֵּ֤ה
231294	וְ
231295	תַ֥חַת
231497	צֹפָ֞יו
231865	נִ֣יב
232204	בָּ֣מֳתֵי
232997	מַטָּעַ֛י
233279	וּ
233280	צְנִ֥יף
233604	לֹ֣ו
234020	וּ
234021	מְרַ֥ק
234076	אֶל
234786	אַחַת֙
235068	אֶצָּרְךָ֤
235397	תְּבוּאָתֹ֑ו
235622	נִצְּת֖וּ
235629	וְ
235630	תַחְפַּנְחֵ֑ס
235704	אֶעֱבֹ֑ור
235776	נַפְשָׁהּ֙
235793	וּ
235794	גְרֹונֵ֖ךְ
235834	יְלִדְתָּ֔נוּ
235936	לִמַּ֖דְתְּ
236051	שֻׁכַּ֔בְּתְּ
236088	קָרָ֥את
236103	דִבַּ֛רְתְּ
236152	וַ
236153	תֵּ֛רֶא
236438	תִּקְרְאִי
236444	תָשֽׁוּבִי
236635	תִּקְע֥וּ
236885	אֹוחִ֜ילָה
236896	שָׁמַ֣עַתְּ
237063	וְ
237064	אַ֨תְּ
237232	אֶֽסְלַֽח
237559	יֹורֶ֥ה
237761	בַּ֨יִר֙
238054	וְ
238055	אָבָֽדוּ
238111	תֵּֽצְאוּ֙
238119	תֵּלֵ֑כוּ
238172	מֵ
238173	אֵ֖שׁ
238174	תַּ֣ם
238650	הֹוצִיאִ֥י
238953	יֹוצִ֣יאוּ
239101	בִּ
239102	מְר֣וּצָתָ֔ם
239118	וְ
239119	סִיס֙
239516	שָׁח֛וּט
240117	הָ
240118	אָ֑רֶץ
240175	יֹשֶׁ֖בֶת
241517	וְ
241518	שִׁ֖ית
241570	שְׂא֤וּ
241572	וּ
241573	רְא֔וּ
241714	צְעִירֵיהֶ֖ם
241949	וֶֽ
241950	אֱלִיל֙
241951	וְ
241952	תַרְמִ֣ית
242268	לְ
242269	זַֽעֲוָ֔ה
242338	אַלְמְנֹותָיו֙
242363	בָּ֥א
242408	שֵֽׁרִיתִ֖ךָ
242491	דְבָֽרְךָ֙
242994	לְ
242995	דַיָּגִ֥ים
243256	יִרְאֶה֙
243297	כִּ
243298	דְרָכָ֔יו
243315	יָמָיו֙
243335	וְ
243336	סוּרַי֙
243426	הָ
243427	עָ֔ם
243523	שְׁמֹ֔ועַ
243561	בֹּ֖ו
243705	וְ
243706	הִנֵּה
243707	ה֛וּא
243829	הָ
243830	רַע֙
243954	שְׁרִיקֹ֣ת
244084	שׁוּחָה֙
244114	וְ
244115	יִהְי֤וּ
244151	הַֽ
244152	חַרְסִ֑ית
244504	מֵבִ֜יא
245185	וְ
245186	חָיָ֔ה
245257	מַעַלְלֵיכֶֽם
245398	וַ
245399	עֲבָדָ֖יו
245443	נֹושָֽׁבוּ
245698	הֹדֹֽו
245763	יֹשַׁבְתְּ֙
245767	מְקֻנַּ֖נְתְּ
246308	דְּבָרֹ֖ו
246941	לְ
246942	זַעֲוָ֣ה
247155	הַכְעִיסֵ֛נִי
247290	וְ
247291	הֵֽבֵאתִי֙
247971	הַ
247972	זֹּאת֙
248288	מִיכָה֙
248995	יְכָנְיָ֨ה
249063	בַּ
249064	『』
249065	שָּׁנָה֙
249749	שְׁבוּתְכֶ֗ם
249863	לְ
249864	זַעֲוָ֜ה
250006	הַ
250007	יֹּודֵ֥עַ
251036	הָלָ֑כְתְּ
251398	בָּאִ֖ים
251416	קָ֤ו
251437	הַ
251438	שְּׁדֵמֹות֩
251468	בַּ
251469	『』
251470	שָּׁנָה֙
251560	עֵינָ֥יו
251995	וּ
251996	בְ
251997	תֹורָתְךָ֣
252308	הַחֲטִ֥יא
252691	לְ
252692	כָל
253134	אָשִׁ֥יב
253423	וַֽ
253424	יִּכְבְּשׁ֔וּם
253593	לְ
253594	זַעֲוָ֔ה
255180	הַ
255181	כְּלֽוּא
255492	וְ
255493	אַיֵּה֙
255630	וְ
255631	חָיָ֔ה
255904	סְחָבֹ֔ות
256028	אֲשֶׁר֩
256628	כִּ֗י
256715	מֵבִ֨יא
256858	הַ
256859	דָּבָ֥ר
257048	עֵיפַ֣י
257285	תַּעֲשֵׂ֖ה
257759	כִּמְהָ֔ם
257930	אֲנַ֜חְנוּ
258267	הִתְעֵתֶם֮
258596	שַׁפְרִירֹ֖ו
258598	וּ
258599	בָ֕א
259901	הִרְבֵּ֣ית
260422	צְעִירֶֽיהָ
260425	הַ
260426	לֻּחִ֔ית
260462	כְמֹושׁ֙
260469	יַחְדָּֽיו
260635	וּ
260636	שְׁבִ֣י
260668	הֵילִ֣ילוּ
260669	וּֽ
260670	זְעָ֑קוּ
260691	מֵיפָֽעַת
260762	נִמְצָ֑א
261033	הַ
261034	נָּ֞ס
261597	תְּהִלָּ֑ת
261637	נְבֽוּכַדְרֶאצַּ֣ר
261689	עֲלֵיכֶ֖ם
261812	עֵילָֽם
261863	אָשִׁ֛יב
261865	שְׁב֥וּת
261977	הָי֣וּ
261982	שֹֽׁובְב֑וּם
262017	צֵ֑אוּ
262063	תִשְׂמְחוּ֙
262065	תַֽעַלְז֔וּ
262069	תָפ֨וּשׁוּ֙
262073	וְ
262074	תִצְהֲל֖וּ
262132	אָשְׁיֹותֶ֔יהָ
262403	לָהּ֙
262684	אֲרִיצֵם֙
262779	יִדְרֹ֤ךְ
262877	רִפִּ֣ינוּ
262961	שֹׁכַנְתְּ֙
263334	אֲכָלַ֣נִי
263335	הֲמָמַ֗נִי
263339	הִצִּיגַ֨נִי֙
263342	בְּלָעַ֨נִי֙
263350	הֱדִיחָֽנִי
263927	חֲמוּטַ֥ל
264154	בֵֽית
264418	קֹומַת֙
264682	הַ
264683	כְּלֽוּא
264696	הַ
264697	מְּלָכִ֛ים
264873	וִ
264874	ידֵ֣י
265789	וָֽ
265790	אֵשֵׁ֔ב
265912	צִדְקֹתָיו֙
266187	הַ
266188	יְמָנִי֙
266370	צְפִיעֵ֣י
266865	וְ
266866	לַ
266867	『』
266868	גֵּאָיֹ֗ות
267157	אַרְבַּ֖ע
267518	וְ
267519	חִלְּלֽוּהוּ
267775	מָ֣ה
267776	הֵ֣ם
268166	אֵלָ֔יו
268208	אַל
268210	עֵינְכֶ֖ם
268366	כְּ
268367	כֹ֖ל
268368	אֲשֶׁ֥ר
269596	עֶזְרֹ֛ו
270431	בָ֖א
270652	דָּנִיאֵ֣ל
270775	דָּנִיאֵ֣ל
271246	שֵׁ֤שׁ
271256	אָכָ֑לְתְּ
271351	נָתַ֖תְּ
271394	מִ
271395	תַּזְנוּתָֽיִךְ
271413	זָכַ֖רְתְּ
271468	תַּזְנוּתָֽיִךְ
271555	עָשִׂ֖ית
271561	הָיִ֥ית
271782	זָכַרְתְּ֙
271805	עָשִׂית֙
271876	עָשִׂ֑ית
271957	אֲחֹותַ֔יִךְ
271962	עָשִֽׂית
271993	שְׁב֤וּת
271999	שְׁב֥וּת
272003	וּ
272004	שְׁב֥וּת
272087	וְ
272088	עָשִׂ֥יתִי
272593	מִבְרָחָ֤יו
273076	הָ
273077	רָשָׁ֖ע
273087	חַטֹּאתָיו֙
273153	צִדְקֹתָ֤יו
273223	וַ
273224	יָּ֔שָׁב
275012	כִּ
275013	קְסָם
275464	לְ
275465	סִ֑יג
275920	כַשְׂדִּ֔ים
275942	וַ
275943	תַּעְגְּבָ֥ה
276427	סָבָאִ֖ים
276446	עַתָּ֛ה
276447	יִזְנ֥וּ
276579	כְּתָב
277181	לְ
277182	בַז֙
277235	וְ
277236	קִרְיָתָֽיְמָה
277843	הַ
277844	יֹּשֶׁ֨בֶת֙
277899	כִּתִּיִּֽים
278037	וְ
278038	הָבְנִ֔ים
278411	מִ
278412	דָּֽנִיאֵ֑ל
278896	חַחִים֙
278968	בַ
278969	『』
278970	כַּף֙
279557	תָּחוּל֙
279860	פֹארֹתָ֛יו
280172	הֲמֹונֹ֔ו
280761	הֲמֹונֹ֑ו
280774	חִתִּיתִ֖י
280789	הֲמֹונֹ֔ו
281100	צִדְקֹתָיו֙
281146	חַטֹּאתָיו֙
282292	תָשֹׁ֑בְנָה
282357	שָׁמֵ֑מוּ
282713	אָ֑תְּ
282716	גֹּויַ֖יִךְ
282723	וְ
282724	גֹויַ֖יִךְ
282726	תְשַׁכְּלִי
282745	וְ
282746	גֹויַ֨יִךְ֙
283517	חֲבֵרָ֑יו
283533	חֲבֵרָֽיו
283585	חֲבֵרָ֑יו
283666	יִֽהְיוּ
284583	הֲמֹונֹ֔ו
284849	שְׁב֣וּת
285110	בְּ
285111	מַֽעֲלֹותָ֑יו
285177	וְ
285178	אֵילָ֖יו
285297	הָֽ
285298	אִיתֹ֔ון
285421	וְ
285422	תָאָ֗יו
285430	וְ
285431	אֵילָ֤יו
285432	וְ
285433	אֵֽלַמָּיו֙
285452	וְ
285453	חַלֹּונָ֤יו
285454	וְ
285455	אֵֽלַמָּיו֙
285456	וְ
285457	תִ֣מֹרָ֔יו
285473	וְ
285474	אֵֽילַמָּ֖יו
285515	אֵילָיו֙
285516	וְ
285517	אֵ֣ילַמָּ֔יו
285526	וּ
285527	לְ
285528	אֵֽילַמָּיו֙
285548	עֹֽלֹותָ֔יו
285549	וְ
285550	אֵֽלַמָּ֖יו
285564	אֵילָֽיו
285609	וְ
285610	תָאָ֞יו
285611	וְ
285612	אֵילָ֤יו
285613	וְ
285614	אֵֽלַמָּיו֙
285623	וּ
285624	לְ
285625	אֵלַמָּ֖יו
285650	וְ
285651	אֵלַמָּ֗יו
285659	אֵילָ֑יו
285663	מַעֲלָֽיו
285684	וְ
285685	תָאָ֞יו
285686	וְ
285687	אֵלָ֤יו
285688	וְ
285689	אֵֽלַמָּיו֙
285698	וּ
285699	לְ
285700	אֵלַמָּ֖יו
285712	וְ
285713	אֵלַמָּ֗יו
285722	אֵלָ֖יו
285731	מַעֲלָֽיו
285745	תָּאָיו֙
285746	אֵלָ֣יו
285747	וְ
285748	אֵֽלַמָּ֔יו
285763	וְ
285764	אֵילָ֗יו
285773	אֵילָ֖יו
285782	מַעֲלָֽיו
286286	מוּסְדֹ֤ות
286428	וְ
286429	אַתִּיקֶ֛יהָא
286854	וּ
286855	מִ
286856	תַּ֖חַת
286857	הַ
286858	לְּשָׁכֹ֣ות
286861	הַ
286862	מֵּבִיא֙
287015	וְ
287016	לָבְשׁוּ֙
287057	מֵאֹ֥ות
287352	צֽוּרֹתָ֡יו
287359	צ֨וּרֹתָ֤יו
287362	תֹּורֹתָיו֙
287470	וּ
287471	מֵ
287472	הָ
287473	אֲרִיאֵ֣ל
287480	וְ
287481	הָ
287482	אֲרִיאֵ֗ל
287703	יָדָֽיו
287783	לֶ
287784	אֱכָל
287853	תֹּֽורֹתָ֑יו
288279	לְ
288280	מִשְׁפָּ֔ט
288283	יִשְׁפְּטֻ֑הוּ
288494	חֲמִשָּׁ֤ה
288548	וְֽ
288549	הָיָ֡ה
289293	יֵצֵֽא
289431	יַעֲשׂ֨וּ
289551	בַּ
289552	『』
289553	יַּרְכָתַ֖יִם
289845	וְ
289846	נִרְפּ֥וּ
289888	עָמְד֨וּ
289912	בִּצֹּאתָ֧יו
289953	וְ
289954	הָיָ֤ה
290463	יַעֲבִ֖יר
290499	בְּ
290500	תֹוכֹֽו
290514	חֲמֵ֥שׁ
290588	תְבֽוּאָתֹו֙
290683	בְּ
290684	תֹוכֹֽו
292350	שַׁעֲרֽוּרִיָּ֑ה
292741	אֶ֨כְתָּב
292743	רֻבֵּ֖י
293039	בַֽל
293218	עֹונֹתָֽם
295014	אָשִׁ֛יב
297571	עֲנִיֵּי
297646	וְ
297647	נִשְׁקְעָ֖ה
297937	מַעֲלֹותָ֔יו
298327	שְׁעָרָ֗יו
299589	בָּ֥מֳתֵי
299686	שֹׁולָ֖ל
299724	הִתְפַּלָּֽשִׁי
300071	רָ֑ע
301463	וּ
301464	גְדָל
301658	לַֽ
301659	עֲבָר
301731	בַּ
301732	הֲלִֽיכָתָ֑ם
301915	וְ
301916	כָשְׁל֖וּ
302855	עֻזֹּֽו
302977	פְּרָזָ֔יו
303585	שְׁבִיתָֽם
303633	גֹּויִ֖י
304261	וְ
304262	אֶכָּבְדָ֖ה
305060	וּ
305061	מַֽעַלְלֵיכֶ֖ם
305330	וְ
305331	קָ֥ו
305492	אֵלָ֔יו
305905	וָ
305906	אֹמַ֡ר
308045	הַ
308046	בָּצִֽיר
308944	תִּשָּׁכַ֑בְנָה
309060	וְ
309061	קִפָּאֹֽון
311114	הַיְשַׁ֖ר
311203	וְ
311204	אַתָּ֥ה
311683	עֲנָוִֽים
311742	עֲ֝נִיִּ֗ים
311807	דְרָכָ֨יו
311875	יִדְכֶּ֥ה
311881	חֵ֣יל
311882	כָּאִֽים
311901	עֲנָוִֽים
311982	נ֝֗וּדִי
312581	סְבָב֑וּנוּ
312623	וּֽ
312624	צְפוּנְךָ֮
313158	מַגְדִּיל֮
314024	דֹּרְשָׁ֑יו
314294	צָרְפָ֖ה
314840	מִ
314841	יָּֽרְדִי
316816	רָֽדְפִי
316833	לִֽ
316834	ידוּת֗וּן
317243	וְ
317244	אֻשַּׁ֣ר
317493	שִׁירֹ֣ו
318570	וְ֭
318571	צוּרָם
318891	הֶ֭רֶב
319331	יָשִׁ֣יב
319509	יַשִּׁ֤י
319510	מָ֨וֶת
319685	יִצְפֹּ֗ונוּ
319975	חִ֝צָּ֗יו
320137	חַסְדִּ֣י
320201	יְנִיע֣וּן
320302	וַ
320303	עֲנֵֽנִי
321030	יָר֖וּמוּ
322172	חֽוּשָׁה
322251	הִרְאִיתַ֨נִי
322257	תְּחַיֵּ֑ינִי
322490	יִנֹּ֪ון
322543	נָטָ֣יוּ
322547	שֻׁפְּכ֥וּ
322609	יָשׁ֣וּב
322669	ה֣וּא
322836	וְ֭
322837	עַתָּה
322897	חֵֽיקְךָ֣
323259	יְדוּת֗וּן
323360	אֶזְכֹּ֥ור
323441	וּֽ֭
323442	שְׁבִֽילְךָ
324359	בַּ
324360	『』
324361	גֹּויִ֣ם
325161	שְׁבִ֣ית
325900	תָּר֥וּם
325997	אֶשְׁמָר
326303	שַׁתָּ֣ה
326706	עַוְלָ֥תָה
327589	וְ
327590	לֹ֣ו
327663	מְלָשְׁנִ֬י
327952	כֹּחִ֗י
328731	רַגְלֹ֑ו
328819	דְּבָרֹֽו
329409	חֲסָדָֽיו
331913	וְ֝
331914	יֹדְעֵ֗י
332434	לִ
332435	דְבָרְךָ֥
332538	וּ֝
332539	מִ
332540	דְּבָרְךָ֗
332916	לִ
332917	גְאֵ֥י
332918	יֹונִֽים
333103	שְׁבִיתֵ֑נוּ
333284	לְ
333285	מַעֲנִיתָֽם
334390	פְּלִ֣יאָֽה
334497	וְ
334498	לֹ֖ו
334667	יְכַסֵּֽימֹו
334668	יִמֹּ֥וטוּ
334692	יָדַ֗עְתִּי
335292	וּ
335293	גְדוּלָּתְךָ֥
335719	דְּבָרָ֣יו
335756	צְבָאָֽיו
336100	אַחְיֹֽותֵיהֶ֔ם
336235	אַ֠תָּה
336495	יָצָ֜אתִי
336681	וְ
336682	עַ֥ד
337471	וְ
337472	יָדָ֥יו
337583	וְ֝
337584	הַוָּתִ֗י
337758	לֹ֑ו
337834	וְ
337835	שֻֽׁבוּ
337854	עֲלֵי
337897	וְ
337898	ג֣וּשׁ
338389	תַּחְתָּ֥יו
338530	בְ
338531	מֵי
338779	וַ
338780	חֲדָ֑ל
338781	וְ
338782	שִׁ֥ית
339384	לֹ֣ו
339556	חֻקָּ֥יו
339869	בִּ֭
339870	קְדֹשָׁיו
339944	וְ
339945	צָפ֖וּי
340039	בַּ
340040	『』
340041	שָּׁ֣יו
340239	חֳ֭מַרְמְרוּ
340908	שַׁדּֽוּן
341002	עֲלוּמָ֑יו
341277	יְכַלּ֣וּ
341352	עֵינָ֣יו
341925	וְ֝
341926	יֹדְעָ֗יו
341972	יִקְצֹ֑ורוּ
342342	וּ֝
342343	בִ
342344	תְבוּנָתֹ֗ו
342358	דְּרָכָ֗יו
342367	גְּ֝בוּרֹתָ֗יו
342502	שְׂ֭רִידָיו
343200	יִתְרִ֣י
343308	תּוּשִׁיָּֽה
343498	הִ֥יא
343500	וְ֝
343501	ה֗וּא
343593	חֲלָצָ֑יו
344214	וְ
344215	רֹ֖וב
344230	וְ
344231	שֻׁפּ֥וּ
344306	נַ֭פְשֹׁו
344312	וְ֝
344313	חַיָּתֹו
345311	בְּ
345312	תַחְבּוּלֹתָ֣יו
345441	מִ֥ן
345442	הַ
345443	סְּעָרָ֗ה
345546	יִדַּ֖עְתָּ
345547	הַ
345548	שַּׁ֣חַר
345829	יְ֭לָדָיו
345933	יָשִׁ֣יב
346082	כְּנָפָ֣יו
346112	וְ
346113	אֶפְרֹחָ֥יו
346167	מִ֥ן
346168	סְעָרָ֗ה
346269	פַחֲדָ֣יו
346426	לֹֽו
346623	יָ֭דַעְתִּי
346776	שְׁב֣וּת
346799	אַחְיֹותָ֜יו
346915	וַ
346916	יִּרְאֶ֗ה
347176	כְ
347177	שֹׁואָ֨ה
347299	יִצְפֹּ֣ן
347314	חֲסִידָ֣יו
347577	מִ
347578	פְּנִינִ֑ים
347694	יָדְךָ֣
347699	לְ
347700	רֵֽעֲךָ֨
347722	תָּרִ֣יב
347764	וְ֝
347765	לַ
347766	עֲנָוִ֗ים
347928	יַכְשִֽׁילוּ
348359	בְּ֭
348360	עֵינָיו
348362	בְּ
348363	רַגְלָ֑יו
348375	מִדְיָנִ֥ים
348393	תֹּועֲבַ֥ת
348987	אֹהֲבַ֣י
349161	מָצָ֣א
349653	יְשָׁדֵּֽם
350038	יָשִׁ֥יב
350337	הֹלֵ֣ךְ
350340	יֶחְכָּ֑ם
350581	עֲנָוִ֣ים
350829	וּ
350830	פִ֥י
351190	עֲנָוִ֑ים
351270	שְׂ֝פָתֹ֗ו
351463	תָמ֥וּשׁ
351603	יְקַר
351771	וּ
351772	בָֽא
351789	וּ֝
351790	מִדְיָנִ֗ים
351911	לֹו
351996	יָמֽוּת
352016	גְּֽדָל
352159	וְ
352160	שָׁאַ֖ל
352276	נָכְרִיָּ֣ה
352314	בֶּ
352315	אֱשׁ֥וּן
352318	מְבֹהֶ֣לֶת
352400	תַּמְר֣וּק
352595	מִדְיָנִ֣ים
352686	יָבִ֬ין
352687	דַּרְכֹּֽו
352731	וְ
352732	נִסְתָּ֑ר
352781	יִקְצָר
352809	טְהָר
352839	יִפָּל
352896	שָׁלִישִׁ֑ים
352947	אֹֽרְחֹתָ֑יו
353015	תִּ֭תְאָיו
353029	הֲ
353030	תָ֤עִיף
353042	יָע֥וּף
353053	תִּ֝תְאָ֗יו
353227	גִּ֣יל
353228	יָ֭גִיל
353231	וְ
353232	יֹולֵ֥ד
353234	יִשְׂמַח
353250	תִּצֹּֽרְנָה
353277	מִדְיָנִ֨ים
353308	בַּ
353309	『』
353310	כֹּ֣וס
353361	תִּ֝תְאָ֗יו
353524	אֹֽ֭ויִבְךָ
353962	מִ֝דְיָנִ֗ים
354038	לֹ֣ו
354224	מִ֝דְיָנִ֗ים
354247	בִּ֭
354248	שְׂפָתָיו
354381	וְ
354382	רֵ֪עַ
354444	מִ֝דְיָנִ֗ים
354486	וַ֭
354487	אֲבַדֹּו
354548	וָ
354549	דֹֽור
354654	וְ
354655	תַרְבִּ֑ית
354736	שֹׂ֥נֵא
355240	אֲדֹנָ֑יו
355331	וְ֝
355332	אַרְבָּעָ֗ה
355537	אֵ֣י
355649	נָ֣טְעָה
355664	בַ
355665	『』
355666	לַּ֣יְלָה
355954	יַ֣עַשׂ
356230	מֹודַ֣ע
356807	שִׂמְלֹתַ֛יִךְ
356809	וְ
356810	יָרַ֣דְתְּ
356842	וְ
356843	שָׁכָ֑בְתְּ
356857	אֵלַ֖י
356978	כִּ֥י
357016	מַרְגְּלֹתָיו֙
357022	בְּ
357023	טֶ֛רֶם
357092	אֵלַ֔י
357205	וְ
357206	אֵֽדְעָה֙
357239	קָנִ֔יתָה
357253	לִ
357254	גְאָל
357781	רַהִיטֵ֖נוּ
357920	הַ
357921	סְּתָ֖יו
357956	לָ֛ךְ
358351	בְּ
358352	אַחַ֣ת
360687	עֵינֹ֖ו
360846	רַגְלְךָ֗
361018	ה֑וּא
361052	רְא֥וּת
361431	שֶׁ
361432	תַּקִּ֖יף
361791	אַתָּ֖ה
362423	יְחֻבַּ֔ר
362777	כְּ
362778	שֶׁ
362779	סָּכָ֥ל
362875	הַכְשֵׁ֖ר
363020	כְּנָפַ֖יִם
363363	יֵרָתֵק֙
363612	מִ
363613	בַּת
363724	מַחֲמַדֵּיהֶ֛ם
363864	הָֽ
363865	עַמִּ֗ים
363987	וְ
363988	לֹ֣א
364262	שְׁבוּתֵ֑ךְ
364362	בַ
364363	『』
364364	לַּ֗יְלָה
364524	אֲרִ֖י
364597	וְ
364598	תָשֹׁ֥וחַ
364633	לְ
364634	קֹוָ֔יו
364690	חֲסָדָֽיו
364746	חֲטָאָֽיו
364978	תַּנִּים֙
364987	כַּ
364988	『』
364989	יְעֵנִ֖ים
365115	כֹּ֖ל
365183	וּ
365184	זְקֵנִ֖ים
365187	עֹודֵ֨ינוּ֙
365248	יֹושֶׁ֖בֶת
365279	הַבִּ֖יטָה
365293	וְ
365294	אֵ֣ין
365311	וְ
365312	לֹ֥א
365324	וְ
365325	אֵינָ֔ם
365326	וַ
365327	אֲנַ֖חְנוּ
365439	וְֽ
365440	נָשׁ֔וּבָה
365810	מְמוּכָ֗ן
366731	כְּ
366732	אָמְרָ֤ם
367194	וַ֠
367195	תָּבֹואנָה
367286	בַּ
367287	『』
367288	יְּהוּדִ֖ים
368637	הַ
368638	יְּהוּדִ֑ים
368828	בַּ
368829	『』
368830	יְּהוּדִֽים
369058	הַ
369059	יְּהוּדִ֤ים
369060	עֲתִידִים֙
369491	הַ
369492	יְּהוּדִ֣ים
369573	וְ
369574	הַ
369575	יְּהוּדִ֣ים
369606	הַ
369607	פְּרָזִ֗ים
369834	וְ
369835	קִבְּל֣וּ
370008	אֲחַשְׁוֵרֹ֧ושׁ
370147	מוּם֩
370611	לְ
370612	עַבְדָ֖ךְ
370620	לְ
370621	כַשְׂדָּאֵ֔י
370703	הִזְדְּמִנְתּוּן֙
370721	כַשְׂדָּאֵ֤י
370968	וּ
370969	נְהֹורָ֖א
371064	הַֽ
371065	אִיתָ֣ךְ
371120	אַ֣נְתְּ
371165	אַ֣נְתְּ
371206	מִנְּהֵין֙
371209	וּ
371210	מִנְּהֵ֖ין
371285	אַ֣נְתְּ
371304	דָֽיְרִ֣ין
371319	אַנְתְּ
371333	תְלִיתָאָ֤ה
371344	רְבִ֣יעָאָ֔ה
371374	מִנְּהֵ֞ין
371378	וּ
371379	מִנְּהֵ֣ין
371404	מִנְּהֵ֥ין
371406	וּ
371407	מִנְּהֵ֣ין
371418	וְ
371419	דִ֣י
371676	וְ
371677	קָֽיְמִין֙
371702	קַתְרֹ֨וס
371749	קַתְרֹ֤וס
371794	אַ֣נְתְּ
371806	קַתְרֹ֨וס
371809	וְ
371810	סוּפֹּ֣נְיָ֔ה
371852	עֲלָ֤ךְ
371855	לֵֽ
371856	אלָהָךְ֙
371925	קַתְרֹ֣וס
372008	אִיתַ֣נָא
372026	אֶשְׁתַּנִּ֔י
372075	פַּטְּשֵׁיהֹ֔ון
372179	רְֽבִיעָאָ֔ה
372203	עִלָּאָ֖ה
372278	גֶשְׁמְהֹ֗ון
372303	שָׁלוּ֙
372352	דָיְרִ֥ין
372365	עִלָּאָ֑ה
372427	עָלִּ֗ין
372430	כַּשְׂדָּאֵ֖י
372537	יְדוּרָן֙
372615	אֲנָשָׁ֣א
372642	עִלָּאָ֜ה
372645	אֲנָשָׁ֗א
372656	עֲלַֽהּ
372663	וְ
372664	אַ֨נְתְּ
372680	וְ
372681	אַ֣נְתְּ
372714	מָרִ֕י
372716	לְ
372717	שָֽׂנְאָ֖ךְ
372720	לְ
372721	עָרָֽךְ
372760	אַנְתְּ
372833	עִלָּאָה֙
372838	מָרִ֥י
372867	עֲלָ֑ךְ
372873	עִלָּאָה֙
372905	עֲלָ֔ךְ
372906	וַ
372907	חֲטָאָךְ֙
372996	עֲלָ֑ךְ
373002	עִלָּאָה֙
373057	וּ
373058	לְ
373059	עִלָּאָה֙
373080	דָּיְרֵ֤י
373092	וְ
373093	דָיְרֵ֖י
373246	נְפַ֨קָה֙
373295	כַּשְׂדָּאֵ֖י
373317	וְ
373318	הַֽמְנִיכָ֤ה
373329	עָֽלִּ֔ין
373339	וּ
373340	פִשְׁרֵ֖הּ
373367	עַלַּ֑ת
373463	אַנְתְּ
373480	עֲלָ֔ךְ
373518	עֲלָ֔ךְ
373520	תִכּ֥וּל
373530	תִּכּ֨וּל
373540	וְ
373541	הַֽמְנִיכָ֤ה
373575	אַ֖נְתְּ
373578	עִלָּאָ֔ה
373602	זָיְעִ֥ין
373657	שַׁוִּ֗יְו
373678	עִלָּאָה֙
373688	עֲלַֽהּ
373689	וְ
373690	אַ֤נְתְּ
373714	קָֽדָמָ֗ךְ
373715	וְ
373716	אַ֨נְתְּ
373717	וְ
373718	רַבְרְבָנָ֜ךְ
373815	וְ
373816	הַֽמְנִיכָ֥א
373836	כַשְׂדָּאָֽה
373839	מָֽדָאָ֔ה
374170	עֲלָ֤ךְ
374261	אַ֤נְתְּ
374348	אַ֤נְתְּ
374388	קָֽדָמָךְ֙
374470	דָיְרִ֥ין
374486	זָיְעִין֙
374542	פָּרְסָאָֽה
374643	שִׁנַּ֑הּ
374668	גַּבַּ֑הּ
374688	רְֽבִיעָאָ֡ה
374706	בְּ
374707	רַגְלַ֣הּ
374731	בֵּֽינֵיהֵ֔ן
374737	אֶתְעֲקַ֖רָה
374739	קֳדָמַ֑הּ
374789	אַלְפִין֙
374793	רִבְבָ֖ן
374957	כָּלְּהֵ֑ין
374960	שִׁנַּ֤הּ
374985	וּ
374986	נְפַ֥לָה
374988	קֳדָמַ֖הּ
375040	רְבִיעָאָה֙
375082	עִלָּאָה֙
375450	הוּרַ֣ם
375856	הִרְשַׁ֣עְנוּ
376011	דְּבָרֹ֣ו
376168	פְּקַ֣ח
376315	וּ
376316	לְ
376317	הָתֵ֤ם
376318	חַטָּאת֙
377124	וּ
377125	בָנָ֣יו
377141	וְ
377142	יִתְגָּרֶ֖ה
377144	מָעֻזֹּֽו
377173	וְ
377174	רָ֣ם
377308	וְ
377309	יָשֵׂ֧ם
377733	יַכִּ֖יר
378434	נְבוּכַדְנֶצַּ֥ר
378796	שַׁלְמַ֖י
378820	מְעוּנִ֖ים
378822	נְפוּסִֽים
379167	וַ
379168	יַּעֲל֨וּ
379542	וְ
379543	לֹ֣ו
379602	וּֽ
379603	מְבַהֲלִ֥ים
379649	כְּנָוֹתָ֔יו
379651	אַרְתַּחְשַׁ֖שְׂתְּ
379693	אַרְכְּוָיֵ֤א
379696	דֶּהָיֵ֖א
379729	עַבְדָ֛ךְ
379751	וּ
379752	בִֽישְׁתָּא֙
379754	וְ
379755	שׁוּרַיָּ֣א
379756	שַׁכְלִ֔ילוּ
379975	אַרְתַּחְשַׁ֣שְׂתְּ
380022	נְבִיָּ֗א
380027	נְבִיַּיָּ֔א
380062	נְבִיַּיָּ֥א
380279	כַּסְדָּאָ֑ה
380351	אֵ֚ל
380745	נְבִיָּ֔א
380820	לְ
380821	חַטָּאָ֤ה
381272	עֲלָ֨ךְ
381275	אֶחָ֜ךְ
381429	דָּאיְנִין֙
381469	לִ
381470	שְׁרֹשִׁ֔י
381711	וְ
381712	זַכּ֑וּר
381782	וָ
381783	אֲצַוֶּ֤ה
381803	הַ
381804	נְּתִינִים֙
381968	וָ
381969	אֶשְׁקֳלָ֣ה
382748	עֵילָם֙
382999	כִּ
383000	דְבָרְךָ֥
383315	וְ
383316	רָמֹֽות
383362	כְּלֽוּהוּ
383368	וְ
383369	יַעֲשָֽׂי
383398	יַדַּ֥י
383404	נָשְׂא֖וּ
383422	כִּסְלֵיו֙
383640	וַ
383641	הֲבִֽיאֹותִים֙
384048	הֵ֣ם
384049	פְּרוּצִ֔ים
384551	וְ
384552	יַעֲמִיד֙
384651	זַכַּ֖י
384821	אַחֲרָ֨יו
384841	אַחֲרָ֣יו
385147	בַּ
385148	『』
385149	צְּחִיחִ֑ים
385217	וַ
385218	נָּ֤שָׁב
385580	וָ
385581	אֹמַ֕ר
386387	וָ
386388	אֹמַ֣ר
386855	נְפִֽישְׁסִֽים
387851	אַתָּ֣ה
388157	חֶ֖סֶד
388812	נֵיבָֽי
389542	יְדוּתֽוּן
389833	וְ
389834	עֻנִּ֧י
389885	לִ
389886	מְלִ֨יכוּ֙
389897	לְ
389898	עִדֹּ֥וא
390473	רָאשֵׁי֙
391080	אַשְׁדֳּדִיֹּ֔ות
391081	עַמֳּנִיֹּ֖ות
391345	לוּדִ֧ים
391761	עֲוִֽית
391820	עַֽלְוָ֖ה
392009	וְ
392010	אַחְיֹותֵיהֶ֖ם
392523	יֹשְׁבֵ֣י
392794	הֹודַוְיָ֡הוּ
392899	וְ
392900	צֹ֖חַר
393112	וְ
393113	תִילֹ֑ון
393405	הַ
393406	מְּעוּנִ֨ים
394178	בְּנֵי֙
394279	צוּף֙
394956	יָשׁ֥וּב
395125	יְע֡וּשׁ
395448	בִרְזָֽיִת
395479	וְ
395480	רָהְגָּ֖ה
395481	וְ
395482	חֻבָּ֥ה
395794	וּ
395795	פְנוּאֵ֖ל
396060	בָּנִ֔י
396061	מִן
396536	פְּטוּרִ֑ים
396565	יְעִיאֵ֑ל
397212	הַ
397213	שָּׁ֣לִישִׁ֔ים
397317	וַ
397318	יִּתְאָ֥יו
397416	וְ
397417	לֹו
397687	וִֽ
397688	יעִיאֵ֔ל
397774	וִ
397775	יזִיאֵ֥ל
397817	הַ
397818	חֲרוּפִֽי
397941	גְּדֹותָ֑יו
398013	הַ
398014	שָּׁלִישִׁים֒
398764	חוּרָ֨ם
398894	פְּלִשְׁתִּ֔ים
399457	מַחְצְרִים֙
400973	לִ
400974	שְׁאָל
401731	יָעִ֗יר
402635	בְּנִ֕י
403059	שְׁלֹומִ֧ית
403777	שָׁמִֽיר
403886	הַֽ
403887	נִּבְּאִ֛ים
404661	וּ
404662	שְׁלֹמִ֥ית
405097	לַ
405098	『』
405099	בֵּ֣ן
405100	יְמִינִ֑י
405394	שִׁרְטַ֖י
406487	ה֖וּא
408089	הַ
408090	יְמָנִי֙
408336	חוּרָ֗ם
408891	מַחְצְרִ֖ים
408898	לַ
408899	『』
408900	מְחַצְּרִ֨ים
410162	מַחְצְרִ֣ים
410796	הַ
410797	נִּצָּבִ֛ים
411005	אֳנִיֹּ֗ות
411262	חוּרָם֙
411708	יֶעְדֹּ֣ו
412495	בַּת
413323	מַחְצְרִ֖ים
413421	עֶפְרַ֖יִן
414708	וּ
414709	שְׁמִֽירָמֹ֡ות
415104	מִיכָ֥יְהוּ
415658	יָדְךָ֛
418817	בְּ
418818	מַחֲלוּיִ֣ם
418865	יִ֧רֶ֞ב
419322	לְכָ֖ה
419636	יְכָלְיָ֖ה
419712	הָֽ
419713	עַרְבִ֛ים
419814	יְעִיאֵ֣ל
420082	הַֽ
420083	חָפְשִׁית֙
421122	לְ
421123	זַֽעֲוָה֙
421231	וִ
421232	יעִיאֵ֑ל
421244	יְחִיאֵ֣ל
421623	מַחְצְרִ֑ים
422819	כָּֽנַנְיָ֣הוּ
422849	כָּֽנַנְיָ֨הוּ֙
423592	וּ
423593	מִֽיצִיאֵ֣י
424251	וַ
424252	יִּ֨בֶן֙
424557	מִזְבְּחֹותָ֑ם
424576	בְּ
424577	חַרְבֹתֵיהֶ֖ם
424685	וַ
424686	יָּשֻׁ֖בוּ
425027	תָּקְהַ֗ת
425094	וַֽ
425095	יְקַטְּרוּ֙
425407	הַ
425408	מְּבִינִ֨ים
425446	וְ
425447	הָכִ֥ינוּ
425576	וְ֠
425577	כָֽנַנְיָהוּ
426328	לִ
426329	מְעָל
426393	כַּשְׂדִּ֗ים
